size,dirt_rate,run,performance,total_actions,execution_time,successful_actions,success_rate,agent_class,strategy
2x2,0.1,1,0,0,0.020055294036865234,0,0,ReflexAgent,"Limpia si está sucio, se mueve abajo o a la derecha si la fila y columna son pares, si son impares se mueve a la izquierdo o arriba, sino elige al azar"
2x2,0.1,2,0,0,0.017197847366333008,0,0,ReflexAgent,"Limpia si está sucio, se mueve abajo o a la derecha si la fila y columna son pares, si son impares se mueve a la izquierdo o arriba, sino elige al azar"
2x2,0.1,3,0,0,0.01577138900756836,0,0,ReflexAgent,"Limpia si está sucio, se mueve abajo o a la derecha si la fila y columna son pares, si son impares se mueve a la izquierdo o arriba, sino elige al azar"
2x2,0.1,4,0,0,0.016045570373535156,0,0,ReflexAgent,"Limpia si está sucio, se mueve abajo o a la derecha si la fila y columna son pares, si son impares se mueve a la izquierdo o arriba, sino elige al azar"
2x2,0.1,5,0,0,0.016861677169799805,0,0,ReflexAgent,"Limpia si está sucio, se mueve abajo o a la derecha si la fila y columna son pares, si son impares se mueve a la izquierdo o arriba, sino elige al azar"
2x2,0.1,6,0,0,0.015162467956542969,0,0,ReflexAgent,"Limpia si está sucio, se mueve abajo o a la derecha si la fila y columna son pares, si son impares se mueve a la izquierdo o arriba, sino elige al azar"
2x2,0.1,7,0,0,0.015274763107299805,0,0,ReflexAgent,"Limpia si está sucio, se mueve abajo o a la derecha si la fila y columna son pares, si son impares se mueve a la izquierdo o arriba, sino elige al azar"
2x2,0.1,8,0,0,0.013443470001220703,0,0,ReflexAgent,"Limpia si está sucio, se mueve abajo o a la derecha si la fila y columna son pares, si son impares se mueve a la izquierdo o arriba, sino elige al azar"
2x2,0.1,9,0,0,0.015352010726928711,0,0,ReflexAgent,"Limpia si está sucio, se mueve abajo o a la derecha si la fila y columna son pares, si son impares se mueve a la izquierdo o arriba, sino elige al azar"
2x2,0.1,10,0,0,0.014241695404052734,0,0,ReflexAgent,"Limpia si está sucio, se mueve abajo o a la derecha si la fila y columna son pares, si son impares se mueve a la izquierdo o arriba, sino elige al azar"
2x2,0.2,1,0,0,0.014043092727661133,0,0,ReflexAgent,"Limpia si está sucio, se mueve abajo o a la derecha si la fila y columna son pares, si son impares se mueve a la izquierdo o arriba, sino elige al azar"
2x2,0.2,2,0,0,0.015076637268066406,0,0,ReflexAgent,"Limpia si está sucio, se mueve abajo o a la derecha si la fila y columna son pares, si son impares se mueve a la izquierdo o arriba, sino elige al azar"
2x2,0.2,3,0,0,0.014629602432250977,0,0,ReflexAgent,"Limpia si está sucio, se mueve abajo o a la derecha si la fila y columna son pares, si son impares se mueve a la izquierdo o arriba, sino elige al azar"
2x2,0.2,4,0,0,0.014760255813598633,0,0,ReflexAgent,"Limpia si está sucio, se mueve abajo o a la derecha si la fila y columna son pares, si son impares se mueve a la izquierdo o arriba, sino elige al azar"
2x2,0.2,5,0,0,0.02092766761779785,0,0,ReflexAgent,"Limpia si está sucio, se mueve abajo o a la derecha si la fila y columna son pares, si son impares se mueve a la izquierdo o arriba, sino elige al azar"
2x2,0.2,6,0,0,0.028555870056152344,0,0,ReflexAgent,"Limpia si está sucio, se mueve abajo o a la derecha si la fila y columna son pares, si son impares se mueve a la izquierdo o arriba, sino elige al azar"
2x2,0.2,7,0,0,0.028702735900878906,0,0,ReflexAgent,"Limpia si está sucio, se mueve abajo o a la derecha si la fila y columna son pares, si son impares se mueve a la izquierdo o arriba, sino elige al azar"
2x2,0.2,8,0,0,0.02924489974975586,0,0,ReflexAgent,"Limpia si está sucio, se mueve abajo o a la derecha si la fila y columna son pares, si son impares se mueve a la izquierdo o arriba, sino elige al azar"
2x2,0.2,9,0,0,0.029344558715820312,0,0,ReflexAgent,"Limpia si está sucio, se mueve abajo o a la derecha si la fila y columna son pares, si son impares se mueve a la izquierdo o arriba, sino elige al azar"
2x2,0.2,10,0,0,0.029400348663330078,0,0,ReflexAgent,"Limpia si está sucio, se mueve abajo o a la derecha si la fila y columna son pares, si son impares se mueve a la izquierdo o arriba, sino elige al azar"
2x2,0.4,1,1,1,0.04781699180603027,1,1.0,ReflexAgent,"Limpia si está sucio, se mueve abajo o a la derecha si la fila y columna son pares, si son impares se mueve a la izquierdo o arriba, sino elige al azar"
2x2,0.4,2,1,10,0.1820049285888672,10,1.0,ReflexAgent,"Limpia si está sucio, se mueve abajo o a la derecha si la fila y columna son pares, si son impares se mueve a la izquierdo o arriba, sino elige al azar"
2x2,0.4,3,1,2,0.05929207801818848,2,1.0,ReflexAgent,"Limpia si está sucio, se mueve abajo o a la derecha si la fila y columna son pares, si son impares se mueve a la izquierdo o arriba, sino elige al azar"
2x2,0.4,4,1,6,0.139801025390625,6,1.0,ReflexAgent,"Limpia si está sucio, se mueve abajo o a la derecha si la fila y columna son pares, si son impares se mueve a la izquierdo o arriba, sino elige al azar"
2x2,0.4,5,1,2,0.06794571876525879,2,1.0,ReflexAgent,"Limpia si está sucio, se mueve abajo o a la derecha si la fila y columna son pares, si son impares se mueve a la izquierdo o arriba, sino elige al azar"
2x2,0.4,6,1,10,0.19711732864379883,10,1.0,ReflexAgent,"Limpia si está sucio, se mueve abajo o a la derecha si la fila y columna son pares, si son impares se mueve a la izquierdo o arriba, sino elige al azar"
2x2,0.4,7,1,17,0.30875396728515625,17,1.0,ReflexAgent,"Limpia si está sucio, se mueve abajo o a la derecha si la fila y columna son pares, si son impares se mueve a la izquierdo o arriba, sino elige al azar"
2x2,0.4,8,1,2,0.06927371025085449,2,1.0,ReflexAgent,"Limpia si está sucio, se mueve abajo o a la derecha si la fila y columna son pares, si son impares se mueve a la izquierdo o arriba, sino elige al azar"
2x2,0.4,9,1,2,0.07158851623535156,2,1.0,ReflexAgent,"Limpia si está sucio, se mueve abajo o a la derecha si la fila y columna son pares, si son impares se mueve a la izquierdo o arriba, sino elige al azar"
2x2,0.4,10,1,1,0.049677371978759766,1,1.0,ReflexAgent,"Limpia si está sucio, se mueve abajo o a la derecha si la fila y columna son pares, si son impares se mueve a la izquierdo o arriba, sino elige al azar"
2x2,0.8,1,3,18,0.35303497314453125,18,1.0,ReflexAgent,"Limpia si está sucio, se mueve abajo o a la derecha si la fila y columna son pares, si son impares se mueve a la izquierdo o arriba, sino elige al azar"
2x2,0.8,2,3,7,0.15598511695861816,7,1.0,ReflexAgent,"Limpia si está sucio, se mueve abajo o a la derecha si la fila y columna son pares, si son impares se mueve a la izquierdo o arriba, sino elige al azar"
2x2,0.8,3,3,10,0.21074271202087402,10,1.0,ReflexAgent,"Limpia si está sucio, se mueve abajo o a la derecha si la fila y columna son pares, si son impares se mueve a la izquierdo o arriba, sino elige al azar"
2x2,0.8,4,3,6,0.13832759857177734,6,1.0,ReflexAgent,"Limpia si está sucio, se mueve abajo o a la derecha si la fila y columna son pares, si son impares se mueve a la izquierdo o arriba, sino elige al azar"
2x2,0.8,5,3,13,0.2619788646697998,13,1.0,ReflexAgent,"Limpia si está sucio, se mueve abajo o a la derecha si la fila y columna son pares, si son impares se mueve a la izquierdo o arriba, sino elige al azar"
2x2,0.8,6,3,6,0.17945384979248047,6,1.0,ReflexAgent,"Limpia si está sucio, se mueve abajo o a la derecha si la fila y columna son pares, si son impares se mueve a la izquierdo o arriba, sino elige al azar"
2x2,0.8,7,3,6,0.13651323318481445,6,1.0,ReflexAgent,"Limpia si está sucio, se mueve abajo o a la derecha si la fila y columna son pares, si son impares se mueve a la izquierdo o arriba, sino elige al azar"
2x2,0.8,8,3,23,0.5599513053894043,23,1.0,ReflexAgent,"Limpia si está sucio, se mueve abajo o a la derecha si la fila y columna son pares, si son impares se mueve a la izquierdo o arriba, sino elige al azar"
2x2,0.8,9,3,7,0.24566316604614258,7,1.0,ReflexAgent,"Limpia si está sucio, se mueve abajo o a la derecha si la fila y columna son pares, si son impares se mueve a la izquierdo o arriba, sino elige al azar"
2x2,0.8,10,3,10,0.15793681144714355,10,1.0,ReflexAgent,"Limpia si está sucio, se mueve abajo o a la derecha si la fila y columna son pares, si son impares se mueve a la izquierdo o arriba, sino elige al azar"
4x4,0.1,1,1,183,2.2457778453826904,183,1.0,ReflexAgent,"Limpia si está sucio, se mueve abajo o a la derecha si la fila y columna son pares, si son impares se mueve a la izquierdo o arriba, sino elige al azar"
4x4,0.1,2,1,32,0.4359781742095947,32,1.0,ReflexAgent,"Limpia si está sucio, se mueve abajo o a la derecha si la fila y columna son pares, si son impares se mueve a la izquierdo o arriba, sino elige al azar"
4x4,0.1,3,1,14,0.20886468887329102,14,1.0,ReflexAgent,"Limpia si está sucio, se mueve abajo o a la derecha si la fila y columna son pares, si son impares se mueve a la izquierdo o arriba, sino elige al azar"
4x4,0.1,4,1,11,0.16352558135986328,11,1.0,ReflexAgent,"Limpia si está sucio, se mueve abajo o a la derecha si la fila y columna son pares, si son impares se mueve a la izquierdo o arriba, sino elige al azar"
4x4,0.1,5,1,30,0.4089057445526123,30,1.0,ReflexAgent,"Limpia si está sucio, se mueve abajo o a la derecha si la fila y columna son pares, si son impares se mueve a la izquierdo o arriba, sino elige al azar"
4x4,0.1,6,1,127,1.817899465560913,127,1.0,ReflexAgent,"Limpia si está sucio, se mueve abajo o a la derecha si la fila y columna son pares, si son impares se mueve a la izquierdo o arriba, sino elige al azar"
4x4,0.1,7,1,38,0.5117230415344238,38,1.0,ReflexAgent,"Limpia si está sucio, se mueve abajo o a la derecha si la fila y columna son pares, si son impares se mueve a la izquierdo o arriba, sino elige al azar"
4x4,0.1,8,1,20,0.28041720390319824,20,1.0,ReflexAgent,"Limpia si está sucio, se mueve abajo o a la derecha si la fila y columna son pares, si son impares se mueve a la izquierdo o arriba, sino elige al azar"
4x4,0.1,9,1,5,0.0835103988647461,5,1.0,ReflexAgent,"Limpia si está sucio, se mueve abajo o a la derecha si la fila y columna son pares, si son impares se mueve a la izquierdo o arriba, sino elige al azar"
4x4,0.1,10,1,46,0.5743629932403564,46,1.0,ReflexAgent,"Limpia si está sucio, se mueve abajo o a la derecha si la fila y columna son pares, si son impares se mueve a la izquierdo o arriba, sino elige al azar"
4x4,0.2,1,3,13,0.17356467247009277,13,1.0,ReflexAgent,"Limpia si está sucio, se mueve abajo o a la derecha si la fila y columna son pares, si son impares se mueve a la izquierdo o arriba, sino elige al azar"
4x4,0.2,2,3,99,1.3309483528137207,99,1.0,ReflexAgent,"Limpia si está sucio, se mueve abajo o a la derecha si la fila y columna son pares, si son impares se mueve a la izquierdo o arriba, sino elige al azar"
4x4,0.2,3,3,44,0.627469539642334,44,1.0,ReflexAgent,"Limpia si está sucio, se mueve abajo o a la derecha si la fila y columna son pares, si son impares se mueve a la izquierdo o arriba, sino elige al azar"
4x4,0.2,4,3,43,0.715918779373169,43,1.0,ReflexAgent,"Limpia si está sucio, se mueve abajo o a la derecha si la fila y columna son pares, si son impares se mueve a la izquierdo o arriba, sino elige al azar"
4x4,0.2,5,3,32,0.5500161647796631,32,1.0,ReflexAgent,"Limpia si está sucio, se mueve abajo o a la derecha si la fila y columna son pares, si son impares se mueve a la izquierdo o arriba, sino elige al azar"
4x4,0.2,6,3,46,0.7774677276611328,46,1.0,ReflexAgent,"Limpia si está sucio, se mueve abajo o a la derecha si la fila y columna son pares, si son impares se mueve a la izquierdo o arriba, sino elige al azar"
4x4,0.2,7,3,63,0.974998950958252,63,1.0,ReflexAgent,"Limpia si está sucio, se mueve abajo o a la derecha si la fila y columna son pares, si son impares se mueve a la izquierdo o arriba, sino elige al azar"
4x4,0.2,8,3,20,0.31828832626342773,20,1.0,ReflexAgent,"Limpia si está sucio, se mueve abajo o a la derecha si la fila y columna son pares, si son impares se mueve a la izquierdo o arriba, sino elige al azar"
4x4,0.2,9,3,140,1.849804401397705,140,1.0,ReflexAgent,"Limpia si está sucio, se mueve abajo o a la derecha si la fila y columna son pares, si son impares se mueve a la izquierdo o arriba, sino elige al azar"
4x4,0.2,10,3,74,1.150773048400879,74,1.0,ReflexAgent,"Limpia si está sucio, se mueve abajo o a la derecha si la fila y columna son pares, si son impares se mueve a la izquierdo o arriba, sino elige al azar"
4x4,0.4,1,6,46,0.7594144344329834,46,1.0,ReflexAgent,"Limpia si está sucio, se mueve abajo o a la derecha si la fila y columna son pares, si son impares se mueve a la izquierdo o arriba, sino elige al azar"
4x4,0.4,2,6,179,2.6852262020111084,179,1.0,ReflexAgent,"Limpia si está sucio, se mueve abajo o a la derecha si la fila y columna son pares, si son impares se mueve a la izquierdo o arriba, sino elige al azar"
4x4,0.4,3,6,60,0.815340518951416,60,1.0,ReflexAgent,"Limpia si está sucio, se mueve abajo o a la derecha si la fila y columna son pares, si son impares se mueve a la izquierdo o arriba, sino elige al azar"
4x4,0.4,4,6,124,1.741147518157959,124,1.0,ReflexAgent,"Limpia si está sucio, se mueve abajo o a la derecha si la fila y columna son pares, si son impares se mueve a la izquierdo o arriba, sino elige al azar"
4x4,0.4,5,6,42,0.6116366386413574,42,1.0,ReflexAgent,"Limpia si está sucio, se mueve abajo o a la derecha si la fila y columna son pares, si son impares se mueve a la izquierdo o arriba, sino elige al azar"
4x4,0.4,6,6,70,1.0244593620300293,70,1.0,ReflexAgent,"Limpia si está sucio, se mueve abajo o a la derecha si la fila y columna son pares, si son impares se mueve a la izquierdo o arriba, sino elige al azar"
4x4,0.4,7,6,153,2.492133140563965,153,1.0,ReflexAgent,"Limpia si está sucio, se mueve abajo o a la derecha si la fila y columna son pares, si son impares se mueve a la izquierdo o arriba, sino elige al azar"
4x4,0.4,8,6,122,1.7668590545654297,122,1.0,ReflexAgent,"Limpia si está sucio, se mueve abajo o a la derecha si la fila y columna son pares, si son impares se mueve a la izquierdo o arriba, sino elige al azar"
4x4,0.4,9,6,81,1.149446725845337,81,1.0,ReflexAgent,"Limpia si está sucio, se mueve abajo o a la derecha si la fila y columna son pares, si son impares se mueve a la izquierdo o arriba, sino elige al azar"
4x4,0.4,10,6,60,0.7583143711090088,60,1.0,ReflexAgent,"Limpia si está sucio, se mueve abajo o a la derecha si la fila y columna son pares, si son impares se mueve a la izquierdo o arriba, sino elige al azar"
4x4,0.8,1,12,157,2.3695805072784424,157,1.0,ReflexAgent,"Limpia si está sucio, se mueve abajo o a la derecha si la fila y columna son pares, si son impares se mueve a la izquierdo o arriba, sino elige al azar"
4x4,0.8,2,12,96,1.132822036743164,96,1.0,ReflexAgent,"Limpia si está sucio, se mueve abajo o a la derecha si la fila y columna son pares, si son impares se mueve a la izquierdo o arriba, sino elige al azar"
4x4,0.8,3,12,130,1.6802728176116943,130,1.0,ReflexAgent,"Limpia si está sucio, se mueve abajo o a la derecha si la fila y columna son pares, si son impares se mueve a la izquierdo o arriba, sino elige al azar"
4x4,0.8,4,12,56,0.9028337001800537,56,1.0,ReflexAgent,"Limpia si está sucio, se mueve abajo o a la derecha si la fila y columna son pares, si son impares se mueve a la izquierdo o arriba, sino elige al azar"
4x4,0.8,5,12,96,1.533365249633789,96,1.0,ReflexAgent,"Limpia si está sucio, se mueve abajo o a la derecha si la fila y columna son pares, si son impares se mueve a la izquierdo o arriba, sino elige al azar"
4x4,0.8,6,12,80,0.7944390773773193,80,1.0,ReflexAgent,"Limpia si está sucio, se mueve abajo o a la derecha si la fila y columna son pares, si son impares se mueve a la izquierdo o arriba, sino elige al azar"
4x4,0.8,7,12,59,0.6338663101196289,59,1.0,ReflexAgent,"Limpia si está sucio, se mueve abajo o a la derecha si la fila y columna son pares, si son impares se mueve a la izquierdo o arriba, sino elige al azar"
4x4,0.8,8,12,73,0.889517068862915,73,1.0,ReflexAgent,"Limpia si está sucio, se mueve abajo o a la derecha si la fila y columna son pares, si son impares se mueve a la izquierdo o arriba, sino elige al azar"
4x4,0.8,9,12,104,1.4393539428710938,104,1.0,ReflexAgent,"Limpia si está sucio, se mueve abajo o a la derecha si la fila y columna son pares, si son impares se mueve a la izquierdo o arriba, sino elige al azar"
4x4,0.8,10,12,144,1.542487382888794,144,1.0,ReflexAgent,"Limpia si está sucio, se mueve abajo o a la derecha si la fila y columna son pares, si son impares se mueve a la izquierdo o arriba, sino elige al azar"
8x8,0.1,1,6,258,2.620344400405884,258,1.0,ReflexAgent,"Limpia si está sucio, se mueve abajo o a la derecha si la fila y columna son pares, si son impares se mueve a la izquierdo o arriba, sino elige al azar"
8x8,0.1,2,6,198,1.903876543045044,198,1.0,ReflexAgent,"Limpia si está sucio, se mueve abajo o a la derecha si la fila y columna son pares, si son impares se mueve a la izquierdo o arriba, sino elige al azar"
8x8,0.1,3,6,313,3.46142840385437,313,1.0,ReflexAgent,"Limpia si está sucio, se mueve abajo o a la derecha si la fila y columna son pares, si son impares se mueve a la izquierdo o arriba, sino elige al azar"
8x8,0.1,4,6,415,6.179198503494263,415,1.0,ReflexAgent,"Limpia si está sucio, se mueve abajo o a la derecha si la fila y columna son pares, si son impares se mueve a la izquierdo o arriba, sino elige al azar"
8x8,0.1,5,6,152,1.8322813510894775,152,1.0,ReflexAgent,"Limpia si está sucio, se mueve abajo o a la derecha si la fila y columna son pares, si son impares se mueve a la izquierdo o arriba, sino elige al azar"
8x8,0.1,6,6,206,2.477853298187256,206,1.0,ReflexAgent,"Limpia si está sucio, se mueve abajo o a la derecha si la fila y columna son pares, si son impares se mueve a la izquierdo o arriba, sino elige al azar"
8x8,0.1,7,6,85,0.7831125259399414,85,1.0,ReflexAgent,"Limpia si está sucio, se mueve abajo o a la derecha si la fila y columna son pares, si son impares se mueve a la izquierdo o arriba, sino elige al azar"
8x8,0.1,8,6,241,3.2766644954681396,241,1.0,ReflexAgent,"Limpia si está sucio, se mueve abajo o a la derecha si la fila y columna son pares, si son impares se mueve a la izquierdo o arriba, sino elige al azar"
8x8,0.1,9,6,301,4.382787466049194,301,1.0,ReflexAgent,"Limpia si está sucio, se mueve abajo o a la derecha si la fila y columna son pares, si son impares se mueve a la izquierdo o arriba, sino elige al azar"
8x8,0.1,10,6,514,6.986255884170532,514,1.0,ReflexAgent,"Limpia si está sucio, se mueve abajo o a la derecha si la fila y columna son pares, si son impares se mueve a la izquierdo o arriba, sino elige al azar"
8x8,0.2,1,11,1000,12.312212467193604,1000,1.0,ReflexAgent,"Limpia si está sucio, se mueve abajo o a la derecha si la fila y columna son pares, si son impares se mueve a la izquierdo o arriba, sino elige al azar"
8x8,0.2,2,12,457,5.354803562164307,457,1.0,ReflexAgent,"Limpia si está sucio, se mueve abajo o a la derecha si la fila y columna son pares, si son impares se mueve a la izquierdo o arriba, sino elige al azar"
8x8,0.2,3,12,507,6.06087064743042,507,1.0,ReflexAgent,"Limpia si está sucio, se mueve abajo o a la derecha si la fila y columna son pares, si son impares se mueve a la izquierdo o arriba, sino elige al azar"
8x8,0.2,4,12,252,2.9862420558929443,252,1.0,ReflexAgent,"Limpia si está sucio, se mueve abajo o a la derecha si la fila y columna son pares, si son impares se mueve a la izquierdo o arriba, sino elige al azar"
8x8,0.2,5,12,375,5.01421046257019,375,1.0,ReflexAgent,"Limpia si está sucio, se mueve abajo o a la derecha si la fila y columna son pares, si son impares se mueve a la izquierdo o arriba, sino elige al azar"
8x8,0.2,6,12,958,12.010682821273804,958,1.0,ReflexAgent,"Limpia si está sucio, se mueve abajo o a la derecha si la fila y columna son pares, si son impares se mueve a la izquierdo o arriba, sino elige al azar"
8x8,0.2,7,11,1000,12.900688648223877,1000,1.0,ReflexAgent,"Limpia si está sucio, se mueve abajo o a la derecha si la fila y columna son pares, si son impares se mueve a la izquierdo o arriba, sino elige al azar"
8x8,0.2,8,12,691,8.501820802688599,691,1.0,ReflexAgent,"Limpia si está sucio, se mueve abajo o a la derecha si la fila y columna son pares, si son impares se mueve a la izquierdo o arriba, sino elige al azar"
8x8,0.2,9,12,607,7.488462448120117,607,1.0,ReflexAgent,"Limpia si está sucio, se mueve abajo o a la derecha si la fila y columna son pares, si son impares se mueve a la izquierdo o arriba, sino elige al azar"
8x8,0.2,10,12,595,9.394992113113403,595,1.0,ReflexAgent,"Limpia si está sucio, se mueve abajo o a la derecha si la fila y columna son pares, si son impares se mueve a la izquierdo o arriba, sino elige al azar"
8x8,0.4,1,25,575,9.187787055969238,575,1.0,ReflexAgent,"Limpia si está sucio, se mueve abajo o a la derecha si la fila y columna son pares, si son impares se mueve a la izquierdo o arriba, sino elige al azar"
8x8,0.4,2,25,375,5.379162311553955,375,1.0,ReflexAgent,"Limpia si está sucio, se mueve abajo o a la derecha si la fila y columna son pares, si son impares se mueve a la izquierdo o arriba, sino elige al azar"
8x8,0.4,3,24,1000,14.062498807907104,1000,1.0,ReflexAgent,"Limpia si está sucio, se mueve abajo o a la derecha si la fila y columna son pares, si son impares se mueve a la izquierdo o arriba, sino elige al azar"
8x8,0.4,4,25,672,9.707074880599976,672,1.0,ReflexAgent,"Limpia si está sucio, se mueve abajo o a la derecha si la fila y columna son pares, si son impares se mueve a la izquierdo o arriba, sino elige al azar"
8x8,0.4,5,25,436,6.527293920516968,436,1.0,ReflexAgent,"Limpia si está sucio, se mueve abajo o a la derecha si la fila y columna son pares, si son impares se mueve a la izquierdo o arriba, sino elige al azar"
8x8,0.4,6,25,610,8.715885877609253,610,1.0,ReflexAgent,"Limpia si está sucio, se mueve abajo o a la derecha si la fila y columna son pares, si son impares se mueve a la izquierdo o arriba, sino elige al azar"
8x8,0.4,7,25,499,7.834566831588745,499,1.0,ReflexAgent,"Limpia si está sucio, se mueve abajo o a la derecha si la fila y columna son pares, si son impares se mueve a la izquierdo o arriba, sino elige al azar"
8x8,0.4,8,25,405,6.105865716934204,405,1.0,ReflexAgent,"Limpia si está sucio, se mueve abajo o a la derecha si la fila y columna son pares, si son impares se mueve a la izquierdo o arriba, sino elige al azar"
8x8,0.4,9,25,364,6.387061357498169,364,1.0,ReflexAgent,"Limpia si está sucio, se mueve abajo o a la derecha si la fila y columna son pares, si son impares se mueve a la izquierdo o arriba, sino elige al azar"
8x8,0.4,10,25,393,5.9793219566345215,393,1.0,ReflexAgent,"Limpia si está sucio, se mueve abajo o a la derecha si la fila y columna son pares, si son impares se mueve a la izquierdo o arriba, sino elige al azar"
8x8,0.8,1,51,641,9.512571096420288,641,1.0,ReflexAgent,"Limpia si está sucio, se mueve abajo o a la derecha si la fila y columna son pares, si son impares se mueve a la izquierdo o arriba, sino elige al azar"
8x8,0.8,2,51,814,11.828216075897217,814,1.0,ReflexAgent,"Limpia si está sucio, se mueve abajo o a la derecha si la fila y columna son pares, si son impares se mueve a la izquierdo o arriba, sino elige al azar"
8x8,0.8,3,51,458,7.149159908294678,458,1.0,ReflexAgent,"Limpia si está sucio, se mueve abajo o a la derecha si la fila y columna son pares, si son impares se mueve a la izquierdo o arriba, sino elige al azar"
8x8,0.8,4,50,1000,14.481598138809204,1000,1.0,ReflexAgent,"Limpia si está sucio, se mueve abajo o a la derecha si la fila y columna son pares, si son impares se mueve a la izquierdo o arriba, sino elige al azar"
8x8,0.8,5,51,795,9.431000232696533,795,1.0,ReflexAgent,"Limpia si está sucio, se mueve abajo o a la derecha si la fila y columna son pares, si son impares se mueve a la izquierdo o arriba, sino elige al azar"
8x8,0.8,6,51,671,8.019674062728882,671,1.0,ReflexAgent,"Limpia si está sucio, se mueve abajo o a la derecha si la fila y columna son pares, si son impares se mueve a la izquierdo o arriba, sino elige al azar"
8x8,0.8,7,51,695,8.31538462638855,695,1.0,ReflexAgent,"Limpia si está sucio, se mueve abajo o a la derecha si la fila y columna son pares, si son impares se mueve a la izquierdo o arriba, sino elige al azar"
8x8,0.8,8,51,853,9.844077110290527,853,1.0,ReflexAgent,"Limpia si está sucio, se mueve abajo o a la derecha si la fila y columna son pares, si son impares se mueve a la izquierdo o arriba, sino elige al azar"
8x8,0.8,9,42,1000,11.714699745178223,1000,1.0,ReflexAgent,"Limpia si está sucio, se mueve abajo o a la derecha si la fila y columna son pares, si son impares se mueve a la izquierdo o arriba, sino elige al azar"
8x8,0.8,10,51,494,5.495996952056885,494,1.0,ReflexAgent,"Limpia si está sucio, se mueve abajo o a la derecha si la fila y columna son pares, si son impares se mueve a la izquierdo o arriba, sino elige al azar"
16x16,0.1,1,22,1000,12.114661693572998,1000,1.0,ReflexAgent,"Limpia si está sucio, se mueve abajo o a la derecha si la fila y columna son pares, si son impares se mueve a la izquierdo o arriba, sino elige al azar"
16x16,0.1,2,21,1000,12.125267744064331,1000,1.0,ReflexAgent,"Limpia si está sucio, se mueve abajo o a la derecha si la fila y columna son pares, si son impares se mueve a la izquierdo o arriba, sino elige al azar"
16x16,0.1,3,21,1000,12.077790260314941,1000,1.0,ReflexAgent,"Limpia si está sucio, se mueve abajo o a la derecha si la fila y columna son pares, si son impares se mueve a la izquierdo o arriba, sino elige al azar"
16x16,0.1,4,17,1000,11.81650424003601,1000,1.0,ReflexAgent,"Limpia si está sucio, se mueve abajo o a la derecha si la fila y columna son pares, si son impares se mueve a la izquierdo o arriba, sino elige al azar"
16x16,0.1,5,20,1000,11.590749263763428,1000,1.0,ReflexAgent,"Limpia si está sucio, se mueve abajo o a la derecha si la fila y columna son pares, si son impares se mueve a la izquierdo o arriba, sino elige al azar"
16x16,0.1,6,19,1000,12.072187662124634,1000,1.0,ReflexAgent,"Limpia si está sucio, se mueve abajo o a la derecha si la fila y columna son pares, si son impares se mueve a la izquierdo o arriba, sino elige al azar"
16x16,0.1,7,23,1000,11.59865951538086,1000,1.0,ReflexAgent,"Limpia si está sucio, se mueve abajo o a la derecha si la fila y columna son pares, si son impares se mueve a la izquierdo o arriba, sino elige al azar"
16x16,0.1,8,24,1000,11.963158130645752,1000,1.0,ReflexAgent,"Limpia si está sucio, se mueve abajo o a la derecha si la fila y columna son pares, si son impares se mueve a la izquierdo o arriba, sino elige al azar"
16x16,0.1,9,13,1000,12.119244813919067,1000,1.0,ReflexAgent,"Limpia si está sucio, se mueve abajo o a la derecha si la fila y columna son pares, si son impares se mueve a la izquierdo o arriba, sino elige al azar"
16x16,0.1,10,19,1000,11.313295841217041,1000,1.0,ReflexAgent,"Limpia si está sucio, se mueve abajo o a la derecha si la fila y columna son pares, si son impares se mueve a la izquierdo o arriba, sino elige al azar"
16x16,0.2,1,34,1000,12.125658750534058,1000,1.0,ReflexAgent,"Limpia si está sucio, se mueve abajo o a la derecha si la fila y columna son pares, si son impares se mueve a la izquierdo o arriba, sino elige al azar"
16x16,0.2,2,42,1000,12.05161452293396,1000,1.0,ReflexAgent,"Limpia si está sucio, se mueve abajo o a la derecha si la fila y columna son pares, si son impares se mueve a la izquierdo o arriba, sino elige al azar"
16x16,0.2,3,45,1000,12.164109706878662,1000,1.0,ReflexAgent,"Limpia si está sucio, se mueve abajo o a la derecha si la fila y columna son pares, si son impares se mueve a la izquierdo o arriba, sino elige al azar"
16x16,0.2,4,43,1000,12.15993070602417,1000,1.0,ReflexAgent,"Limpia si está sucio, se mueve abajo o a la derecha si la fila y columna son pares, si son impares se mueve a la izquierdo o arriba, sino elige al azar"
16x16,0.2,5,37,1000,11.574466466903687,1000,1.0,ReflexAgent,"Limpia si está sucio, se mueve abajo o a la derecha si la fila y columna son pares, si son impares se mueve a la izquierdo o arriba, sino elige al azar"
16x16,0.2,6,39,1000,11.810614824295044,1000,1.0,ReflexAgent,"Limpia si está sucio, se mueve abajo o a la derecha si la fila y columna son pares, si son impares se mueve a la izquierdo o arriba, sino elige al azar"
16x16,0.2,7,23,1000,12.17390489578247,1000,1.0,ReflexAgent,"Limpia si está sucio, se mueve abajo o a la derecha si la fila y columna son pares, si son impares se mueve a la izquierdo o arriba, sino elige al azar"
16x16,0.2,8,31,1000,12.094379186630249,1000,1.0,ReflexAgent,"Limpia si está sucio, se mueve abajo o a la derecha si la fila y columna son pares, si son impares se mueve a la izquierdo o arriba, sino elige al azar"
16x16,0.2,9,39,1000,12.189464569091797,1000,1.0,ReflexAgent,"Limpia si está sucio, se mueve abajo o a la derecha si la fila y columna son pares, si son impares se mueve a la izquierdo o arriba, sino elige al azar"
16x16,0.2,10,38,1000,11.914690256118774,1000,1.0,ReflexAgent,"Limpia si está sucio, se mueve abajo o a la derecha si la fila y columna son pares, si son impares se mueve a la izquierdo o arriba, sino elige al azar"
16x16,0.4,1,44,1000,11.480632781982422,1000,1.0,ReflexAgent,"Limpia si está sucio, se mueve abajo o a la derecha si la fila y columna son pares, si son impares se mueve a la izquierdo o arriba, sino elige al azar"
16x16,0.4,2,80,1000,11.664103746414185,1000,1.0,ReflexAgent,"Limpia si está sucio, se mueve abajo o a la derecha si la fila y columna son pares, si son impares se mueve a la izquierdo o arriba, sino elige al azar"
16x16,0.4,3,79,1000,12.141611814498901,1000,1.0,ReflexAgent,"Limpia si está sucio, se mueve abajo o a la derecha si la fila y columna son pares, si son impares se mueve a la izquierdo o arriba, sino elige al azar"
16x16,0.4,4,76,1000,12.062679052352905,1000,1.0,ReflexAgent,"Limpia si está sucio, se mueve abajo o a la derecha si la fila y columna son pares, si son impares se mueve a la izquierdo o arriba, sino elige al azar"
16x16,0.4,5,72,1000,11.884031057357788,1000,1.0,ReflexAgent,"Limpia si está sucio, se mueve abajo o a la derecha si la fila y columna son pares, si son impares se mueve a la izquierdo o arriba, sino elige al azar"
16x16,0.4,6,82,1000,11.207924365997314,1000,1.0,ReflexAgent,"Limpia si está sucio, se mueve abajo o a la derecha si la fila y columna son pares, si son impares se mueve a la izquierdo o arriba, sino elige al azar"
16x16,0.4,7,65,1000,12.14336109161377,1000,1.0,ReflexAgent,"Limpia si está sucio, se mueve abajo o a la derecha si la fila y columna son pares, si son impares se mueve a la izquierdo o arriba, sino elige al azar"
16x16,0.4,8,67,1000,11.992686033248901,1000,1.0,ReflexAgent,"Limpia si está sucio, se mueve abajo o a la derecha si la fila y columna son pares, si son impares se mueve a la izquierdo o arriba, sino elige al azar"
16x16,0.4,9,69,1000,11.974570989608765,1000,1.0,ReflexAgent,"Limpia si está sucio, se mueve abajo o a la derecha si la fila y columna son pares, si son impares se mueve a la izquierdo o arriba, sino elige al azar"
16x16,0.4,10,84,1000,11.82934308052063,1000,1.0,ReflexAgent,"Limpia si está sucio, se mueve abajo o a la derecha si la fila y columna son pares, si son impares se mueve a la izquierdo o arriba, sino elige al azar"
16x16,0.8,1,101,1000,11.804518461227417,1000,1.0,ReflexAgent,"Limpia si está sucio, se mueve abajo o a la derecha si la fila y columna son pares, si son impares se mueve a la izquierdo o arriba, sino elige al azar"
16x16,0.8,2,104,1000,11.86281132698059,1000,1.0,ReflexAgent,"Limpia si está sucio, se mueve abajo o a la derecha si la fila y columna son pares, si son impares se mueve a la izquierdo o arriba, sino elige al azar"
16x16,0.8,3,141,1000,12.177327871322632,1000,1.0,ReflexAgent,"Limpia si está sucio, se mueve abajo o a la derecha si la fila y columna son pares, si son impares se mueve a la izquierdo o arriba, sino elige al azar"
16x16,0.8,4,124,1000,12.134220361709595,1000,1.0,ReflexAgent,"Limpia si está sucio, se mueve abajo o a la derecha si la fila y columna son pares, si son impares se mueve a la izquierdo o arriba, sino elige al azar"
16x16,0.8,5,134,1000,11.290083646774292,1000,1.0,ReflexAgent,"Limpia si está sucio, se mueve abajo o a la derecha si la fila y columna son pares, si son impares se mueve a la izquierdo o arriba, sino elige al azar"
16x16,0.8,6,152,1000,4.826654672622681,1000,1.0,ReflexAgent,"Limpia si está sucio, se mueve abajo o a la derecha si la fila y columna son pares, si son impares se mueve a la izquierdo o arriba, sino elige al azar"
16x16,0.8,7,147,1000,4.71514105796814,1000,1.0,ReflexAgent,"Limpia si está sucio, se mueve abajo o a la derecha si la fila y columna son pares, si son impares se mueve a la izquierdo o arriba, sino elige al azar"
16x16,0.8,8,116,1000,5.019052505493164,1000,1.0,ReflexAgent,"Limpia si está sucio, se mueve abajo o a la derecha si la fila y columna son pares, si son impares se mueve a la izquierdo o arriba, sino elige al azar"
16x16,0.8,9,143,1000,5.098745584487915,1000,1.0,ReflexAgent,"Limpia si está sucio, se mueve abajo o a la derecha si la fila y columna son pares, si son impares se mueve a la izquierdo o arriba, sino elige al azar"
16x16,0.8,10,127,1000,5.0844504833221436,1000,1.0,ReflexAgent,"Limpia si está sucio, se mueve abajo o a la derecha si la fila y columna son pares, si son impares se mueve a la izquierdo o arriba, sino elige al azar"
32x32,0.1,1,31,1000,5.360403776168823,1000,1.0,ReflexAgent,"Limpia si está sucio, se mueve abajo o a la derecha si la fila y columna son pares, si son impares se mueve a la izquierdo o arriba, sino elige al azar"
32x32,0.1,2,27,1000,5.252390146255493,1000,1.0,ReflexAgent,"Limpia si está sucio, se mueve abajo o a la derecha si la fila y columna son pares, si son impares se mueve a la izquierdo o arriba, sino elige al azar"
32x32,0.1,3,34,1000,5.401992559432983,1000,1.0,ReflexAgent,"Limpia si está sucio, se mueve abajo o a la derecha si la fila y columna son pares, si son impares se mueve a la izquierdo o arriba, sino elige al azar"
32x32,0.1,4,30,1000,5.061952829360962,1000,1.0,ReflexAgent,"Limpia si está sucio, se mueve abajo o a la derecha si la fila y columna son pares, si son impares se mueve a la izquierdo o arriba, sino elige al azar"
32x32,0.1,5,33,1000,4.934431076049805,1000,1.0,ReflexAgent,"Limpia si está sucio, se mueve abajo o a la derecha si la fila y columna son pares, si son impares se mueve a la izquierdo o arriba, sino elige al azar"
32x32,0.1,6,21,1000,5.857367038726807,1000,1.0,ReflexAgent,"Limpia si está sucio, se mueve abajo o a la derecha si la fila y columna son pares, si son impares se mueve a la izquierdo o arriba, sino elige al azar"
32x32,0.1,7,31,1000,5.710622549057007,1000,1.0,ReflexAgent,"Limpia si está sucio, se mueve abajo o a la derecha si la fila y columna son pares, si son impares se mueve a la izquierdo o arriba, sino elige al azar"
32x32,0.1,8,25,1000,5.07331395149231,1000,1.0,ReflexAgent,"Limpia si está sucio, se mueve abajo o a la derecha si la fila y columna son pares, si son impares se mueve a la izquierdo o arriba, sino elige al azar"
32x32,0.1,9,27,1000,5.244203805923462,1000,1.0,ReflexAgent,"Limpia si está sucio, se mueve abajo o a la derecha si la fila y columna son pares, si son impares se mueve a la izquierdo o arriba, sino elige al azar"
32x32,0.1,10,31,1000,5.792424917221069,1000,1.0,ReflexAgent,"Limpia si está sucio, se mueve abajo o a la derecha si la fila y columna son pares, si son impares se mueve a la izquierdo o arriba, sino elige al azar"
32x32,0.2,1,64,1000,5.502776384353638,1000,1.0,ReflexAgent,"Limpia si está sucio, se mueve abajo o a la derecha si la fila y columna son pares, si son impares se mueve a la izquierdo o arriba, sino elige al azar"
32x32,0.2,2,38,1000,5.641104221343994,1000,1.0,ReflexAgent,"Limpia si está sucio, se mueve abajo o a la derecha si la fila y columna son pares, si son impares se mueve a la izquierdo o arriba, sino elige al azar"
32x32,0.2,3,53,1000,5.1138598918914795,1000,1.0,ReflexAgent,"Limpia si está sucio, se mueve abajo o a la derecha si la fila y columna son pares, si son impares se mueve a la izquierdo o arriba, sino elige al azar"
32x32,0.2,4,51,1000,5.086066961288452,1000,1.0,ReflexAgent,"Limpia si está sucio, se mueve abajo o a la derecha si la fila y columna son pares, si son impares se mueve a la izquierdo o arriba, sino elige al azar"
32x32,0.2,5,56,1000,5.641637802124023,1000,1.0,ReflexAgent,"Limpia si está sucio, se mueve abajo o a la derecha si la fila y columna son pares, si son impares se mueve a la izquierdo o arriba, sino elige al azar"
32x32,0.2,6,57,1000,5.496585845947266,1000,1.0,ReflexAgent,"Limpia si está sucio, se mueve abajo o a la derecha si la fila y columna son pares, si son impares se mueve a la izquierdo o arriba, sino elige al azar"
32x32,0.2,7,51,1000,5.2094292640686035,1000,1.0,ReflexAgent,"Limpia si está sucio, se mueve abajo o a la derecha si la fila y columna son pares, si son impares se mueve a la izquierdo o arriba, sino elige al azar"
32x32,0.2,8,42,1000,5.615046501159668,1000,1.0,ReflexAgent,"Limpia si está sucio, se mueve abajo o a la derecha si la fila y columna son pares, si son impares se mueve a la izquierdo o arriba, sino elige al azar"
32x32,0.2,9,58,1000,5.0961244106292725,1000,1.0,ReflexAgent,"Limpia si está sucio, se mueve abajo o a la derecha si la fila y columna son pares, si son impares se mueve a la izquierdo o arriba, sino elige al azar"
32x32,0.2,10,37,1000,5.865401744842529,1000,1.0,ReflexAgent,"Limpia si está sucio, se mueve abajo o a la derecha si la fila y columna son pares, si son impares se mueve a la izquierdo o arriba, sino elige al azar"
32x32,0.4,1,111,1000,5.426165819168091,1000,1.0,ReflexAgent,"Limpia si está sucio, se mueve abajo o a la derecha si la fila y columna son pares, si son impares se mueve a la izquierdo o arriba, sino elige al azar"
32x32,0.4,2,105,1000,6.003824472427368,1000,1.0,ReflexAgent,"Limpia si está sucio, se mueve abajo o a la derecha si la fila y columna son pares, si son impares se mueve a la izquierdo o arriba, sino elige al azar"
32x32,0.4,3,113,1000,5.081058025360107,1000,1.0,ReflexAgent,"Limpia si está sucio, se mueve abajo o a la derecha si la fila y columna son pares, si son impares se mueve a la izquierdo o arriba, sino elige al azar"
32x32,0.4,4,119,1000,5.322197675704956,1000,1.0,ReflexAgent,"Limpia si está sucio, se mueve abajo o a la derecha si la fila y columna son pares, si son impares se mueve a la izquierdo o arriba, sino elige al azar"
32x32,0.4,5,87,1000,5.133200168609619,1000,1.0,ReflexAgent,"Limpia si está sucio, se mueve abajo o a la derecha si la fila y columna son pares, si son impares se mueve a la izquierdo o arriba, sino elige al azar"
32x32,0.4,6,116,1000,5.342928886413574,1000,1.0,ReflexAgent,"Limpia si está sucio, se mueve abajo o a la derecha si la fila y columna son pares, si son impares se mueve a la izquierdo o arriba, sino elige al azar"
32x32,0.4,7,92,1000,5.5338826179504395,1000,1.0,ReflexAgent,"Limpia si está sucio, se mueve abajo o a la derecha si la fila y columna son pares, si son impares se mueve a la izquierdo o arriba, sino elige al azar"
32x32,0.4,8,106,1000,5.4112160205841064,1000,1.0,ReflexAgent,"Limpia si está sucio, se mueve abajo o a la derecha si la fila y columna son pares, si son impares se mueve a la izquierdo o arriba, sino elige al azar"
32x32,0.4,9,82,1000,5.45765233039856,1000,1.0,ReflexAgent,"Limpia si está sucio, se mueve abajo o a la derecha si la fila y columna son pares, si son impares se mueve a la izquierdo o arriba, sino elige al azar"
32x32,0.4,10,137,1000,5.548999309539795,1000,1.0,ReflexAgent,"Limpia si está sucio, se mueve abajo o a la derecha si la fila y columna son pares, si son impares se mueve a la izquierdo o arriba, sino elige al azar"
32x32,0.8,1,175,1000,5.38398289680481,1000,1.0,ReflexAgent,"Limpia si está sucio, se mueve abajo o a la derecha si la fila y columna son pares, si son impares se mueve a la izquierdo o arriba, sino elige al azar"
32x32,0.8,2,194,1000,5.351318597793579,1000,1.0,ReflexAgent,"Limpia si está sucio, se mueve abajo o a la derecha si la fila y columna son pares, si son impares se mueve a la izquierdo o arriba, sino elige al azar"
32x32,0.8,3,164,1000,5.23793363571167,1000,1.0,ReflexAgent,"Limpia si está sucio, se mueve abajo o a la derecha si la fila y columna son pares, si son impares se mueve a la izquierdo o arriba, sino elige al azar"
32x32,0.8,4,137,1000,5.311037063598633,1000,1.0,ReflexAgent,"Limpia si está sucio, se mueve abajo o a la derecha si la fila y columna son pares, si son impares se mueve a la izquierdo o arriba, sino elige al azar"
32x32,0.8,5,199,1000,5.578669548034668,1000,1.0,ReflexAgent,"Limpia si está sucio, se mueve abajo o a la derecha si la fila y columna son pares, si son impares se mueve a la izquierdo o arriba, sino elige al azar"
32x32,0.8,6,170,1000,5.2585976123809814,1000,1.0,ReflexAgent,"Limpia si está sucio, se mueve abajo o a la derecha si la fila y columna son pares, si son impares se mueve a la izquierdo o arriba, sino elige al azar"
32x32,0.8,7,171,1000,5.289000034332275,1000,1.0,ReflexAgent,"Limpia si está sucio, se mueve abajo o a la derecha si la fila y columna son pares, si son impares se mueve a la izquierdo o arriba, sino elige al azar"
32x32,0.8,8,240,1000,5.278999090194702,1000,1.0,ReflexAgent,"Limpia si está sucio, se mueve abajo o a la derecha si la fila y columna son pares, si son impares se mueve a la izquierdo o arriba, sino elige al azar"
32x32,0.8,9,188,1000,5.2736876010894775,1000,1.0,ReflexAgent,"Limpia si está sucio, se mueve abajo o a la derecha si la fila y columna son pares, si son impares se mueve a la izquierdo o arriba, sino elige al azar"
32x32,0.8,10,208,1000,5.52953028678894,1000,1.0,ReflexAgent,"Limpia si está sucio, se mueve abajo o a la derecha si la fila y columna son pares, si son impares se mueve a la izquierdo o arriba, sino elige al azar"
64x64,0.1,1,35,1000,7.0301690101623535,1000,1.0,ReflexAgent,"Limpia si está sucio, se mueve abajo o a la derecha si la fila y columna son pares, si son impares se mueve a la izquierdo o arriba, sino elige al azar"
64x64,0.1,2,34,1000,6.686156749725342,1000,1.0,ReflexAgent,"Limpia si está sucio, se mueve abajo o a la derecha si la fila y columna son pares, si son impares se mueve a la izquierdo o arriba, sino elige al azar"
64x64,0.1,3,31,1000,6.495095491409302,1000,1.0,ReflexAgent,"Limpia si está sucio, se mueve abajo o a la derecha si la fila y columna son pares, si son impares se mueve a la izquierdo o arriba, sino elige al azar"
64x64,0.1,4,21,1000,6.468289375305176,1000,1.0,ReflexAgent,"Limpia si está sucio, se mueve abajo o a la derecha si la fila y columna son pares, si son impares se mueve a la izquierdo o arriba, sino elige al azar"
64x64,0.1,5,37,1000,6.526709794998169,1000,1.0,ReflexAgent,"Limpia si está sucio, se mueve abajo o a la derecha si la fila y columna son pares, si son impares se mueve a la izquierdo o arriba, sino elige al azar"
64x64,0.1,6,22,1000,7.183600187301636,1000,1.0,ReflexAgent,"Limpia si está sucio, se mueve abajo o a la derecha si la fila y columna son pares, si son impares se mueve a la izquierdo o arriba, sino elige al azar"
64x64,0.1,7,34,1000,6.492794036865234,1000,1.0,ReflexAgent,"Limpia si está sucio, se mueve abajo o a la derecha si la fila y columna son pares, si son impares se mueve a la izquierdo o arriba, sino elige al azar"
64x64,0.1,8,31,1000,6.509329795837402,1000,1.0,ReflexAgent,"Limpia si está sucio, se mueve abajo o a la derecha si la fila y columna son pares, si son impares se mueve a la izquierdo o arriba, sino elige al azar"
64x64,0.1,9,30,1000,7.1044862270355225,1000,1.0,ReflexAgent,"Limpia si está sucio, se mueve abajo o a la derecha si la fila y columna son pares, si son impares se mueve a la izquierdo o arriba, sino elige al azar"
64x64,0.1,10,33,1000,7.9772562980651855,1000,1.0,ReflexAgent,"Limpia si está sucio, se mueve abajo o a la derecha si la fila y columna son pares, si son impares se mueve a la izquierdo o arriba, sino elige al azar"
64x64,0.2,1,66,1000,7.199824571609497,1000,1.0,ReflexAgent,"Limpia si está sucio, se mueve abajo o a la derecha si la fila y columna son pares, si son impares se mueve a la izquierdo o arriba, sino elige al azar"
64x64,0.2,2,58,1000,7.533804178237915,1000,1.0,ReflexAgent,"Limpia si está sucio, se mueve abajo o a la derecha si la fila y columna son pares, si son impares se mueve a la izquierdo o arriba, sino elige al azar"
64x64,0.2,3,65,1000,6.875365734100342,1000,1.0,ReflexAgent,"Limpia si está sucio, se mueve abajo o a la derecha si la fila y columna son pares, si son impares se mueve a la izquierdo o arriba, sino elige al azar"
64x64,0.2,4,55,1000,7.901276588439941,1000,1.0,ReflexAgent,"Limpia si está sucio, se mueve abajo o a la derecha si la fila y columna son pares, si son impares se mueve a la izquierdo o arriba, sino elige al azar"
64x64,0.2,5,64,1000,7.1319944858551025,1000,1.0,ReflexAgent,"Limpia si está sucio, se mueve abajo o a la derecha si la fila y columna son pares, si son impares se mueve a la izquierdo o arriba, sino elige al azar"
64x64,0.2,6,35,1000,6.796385288238525,1000,1.0,ReflexAgent,"Limpia si está sucio, se mueve abajo o a la derecha si la fila y columna son pares, si son impares se mueve a la izquierdo o arriba, sino elige al azar"
64x64,0.2,7,68,1000,7.075169324874878,1000,1.0,ReflexAgent,"Limpia si está sucio, se mueve abajo o a la derecha si la fila y columna son pares, si son impares se mueve a la izquierdo o arriba, sino elige al azar"
64x64,0.2,8,50,1000,6.797755002975464,1000,1.0,ReflexAgent,"Limpia si está sucio, se mueve abajo o a la derecha si la fila y columna son pares, si son impares se mueve a la izquierdo o arriba, sino elige al azar"
64x64,0.2,9,63,1000,6.834052562713623,1000,1.0,ReflexAgent,"Limpia si está sucio, se mueve abajo o a la derecha si la fila y columna son pares, si son impares se mueve a la izquierdo o arriba, sino elige al azar"
64x64,0.2,10,48,1000,6.924992561340332,1000,1.0,ReflexAgent,"Limpia si está sucio, se mueve abajo o a la derecha si la fila y columna son pares, si son impares se mueve a la izquierdo o arriba, sino elige al azar"
64x64,0.4,1,106,1000,6.682193279266357,1000,1.0,ReflexAgent,"Limpia si está sucio, se mueve abajo o a la derecha si la fila y columna son pares, si son impares se mueve a la izquierdo o arriba, sino elige al azar"
64x64,0.4,2,100,1000,6.746159791946411,1000,1.0,ReflexAgent,"Limpia si está sucio, se mueve abajo o a la derecha si la fila y columna son pares, si son impares se mueve a la izquierdo o arriba, sino elige al azar"
64x64,0.4,3,110,1000,6.737884283065796,1000,1.0,ReflexAgent,"Limpia si está sucio, se mueve abajo o a la derecha si la fila y columna son pares, si son impares se mueve a la izquierdo o arriba, sino elige al azar"
64x64,0.4,4,100,1000,6.781130313873291,1000,1.0,ReflexAgent,"Limpia si está sucio, se mueve abajo o a la derecha si la fila y columna son pares, si son impares se mueve a la izquierdo o arriba, sino elige al azar"
64x64,0.4,5,76,1000,6.743701219558716,1000,1.0,ReflexAgent,"Limpia si está sucio, se mueve abajo o a la derecha si la fila y columna son pares, si son impares se mueve a la izquierdo o arriba, sino elige al azar"
64x64,0.4,6,108,1000,7.199214935302734,1000,1.0,ReflexAgent,"Limpia si está sucio, se mueve abajo o a la derecha si la fila y columna son pares, si son impares se mueve a la izquierdo o arriba, sino elige al azar"
64x64,0.4,7,103,1000,6.8669891357421875,1000,1.0,ReflexAgent,"Limpia si está sucio, se mueve abajo o a la derecha si la fila y columna son pares, si son impares se mueve a la izquierdo o arriba, sino elige al azar"
64x64,0.4,8,108,1000,7.010575771331787,1000,1.0,ReflexAgent,"Limpia si está sucio, se mueve abajo o a la derecha si la fila y columna son pares, si son impares se mueve a la izquierdo o arriba, sino elige al azar"
64x64,0.4,9,46,1000,7.4095964431762695,1000,1.0,ReflexAgent,"Limpia si está sucio, se mueve abajo o a la derecha si la fila y columna son pares, si son impares se mueve a la izquierdo o arriba, sino elige al azar"
64x64,0.4,10,93,1000,6.509332895278931,1000,1.0,ReflexAgent,"Limpia si está sucio, se mueve abajo o a la derecha si la fila y columna son pares, si son impares se mueve a la izquierdo o arriba, sino elige al azar"
64x64,0.8,1,225,1000,8.107384443283081,1000,1.0,ReflexAgent,"Limpia si está sucio, se mueve abajo o a la derecha si la fila y columna son pares, si son impares se mueve a la izquierdo o arriba, sino elige al azar"
64x64,0.8,2,211,1000,7.623048782348633,1000,1.0,ReflexAgent,"Limpia si está sucio, se mueve abajo o a la derecha si la fila y columna son pares, si son impares se mueve a la izquierdo o arriba, sino elige al azar"
64x64,0.8,3,239,1000,7.759334325790405,1000,1.0,ReflexAgent,"Limpia si está sucio, se mueve abajo o a la derecha si la fila y columna son pares, si son impares se mueve a la izquierdo o arriba, sino elige al azar"
64x64,0.8,4,219,1000,6.968794107437134,1000,1.0,ReflexAgent,"Limpia si está sucio, se mueve abajo o a la derecha si la fila y columna son pares, si son impares se mueve a la izquierdo o arriba, sino elige al azar"
64x64,0.8,5,220,1000,6.6974992752075195,1000,1.0,ReflexAgent,"Limpia si está sucio, se mueve abajo o a la derecha si la fila y columna son pares, si son impares se mueve a la izquierdo o arriba, sino elige al azar"
64x64,0.8,6,236,1000,6.515494108200073,1000,1.0,ReflexAgent,"Limpia si está sucio, se mueve abajo o a la derecha si la fila y columna son pares, si son impares se mueve a la izquierdo o arriba, sino elige al azar"
64x64,0.8,7,132,1000,7.93923544883728,1000,1.0,ReflexAgent,"Limpia si está sucio, se mueve abajo o a la derecha si la fila y columna son pares, si son impares se mueve a la izquierdo o arriba, sino elige al azar"
64x64,0.8,8,193,1000,7.126728057861328,1000,1.0,ReflexAgent,"Limpia si está sucio, se mueve abajo o a la derecha si la fila y columna son pares, si son impares se mueve a la izquierdo o arriba, sino elige al azar"
64x64,0.8,9,222,1000,7.180563449859619,1000,1.0,ReflexAgent,"Limpia si está sucio, se mueve abajo o a la derecha si la fila y columna son pares, si son impares se mueve a la izquierdo o arriba, sino elige al azar"
64x64,0.8,10,198,1000,7.612065553665161,1000,1.0,ReflexAgent,"Limpia si está sucio, se mueve abajo o a la derecha si la fila y columna son pares, si son impares se mueve a la izquierdo o arriba, sino elige al azar"
128x128,0.1,1,30,1000,12.409398317337036,1000,1.0,ReflexAgent,"Limpia si está sucio, se mueve abajo o a la derecha si la fila y columna son pares, si son impares se mueve a la izquierdo o arriba, sino elige al azar"
128x128,0.1,2,38,1000,12.375065565109253,1000,1.0,ReflexAgent,"Limpia si está sucio, se mueve abajo o a la derecha si la fila y columna son pares, si son impares se mueve a la izquierdo o arriba, sino elige al azar"
128x128,0.1,3,19,1000,12.901055335998535,1000,1.0,ReflexAgent,"Limpia si está sucio, se mueve abajo o a la derecha si la fila y columna son pares, si son impares se mueve a la izquierdo o arriba, sino elige al azar"
128x128,0.1,4,27,1000,13.593412160873413,1000,1.0,ReflexAgent,"Limpia si está sucio, se mueve abajo o a la derecha si la fila y columna son pares, si son impares se mueve a la izquierdo o arriba, sino elige al azar"
128x128,0.1,5,40,1000,13.485492944717407,1000,1.0,ReflexAgent,"Limpia si está sucio, se mueve abajo o a la derecha si la fila y columna son pares, si son impares se mueve a la izquierdo o arriba, sino elige al azar"
128x128,0.1,6,36,1000,13.539510726928711,1000,1.0,ReflexAgent,"Limpia si está sucio, se mueve abajo o a la derecha si la fila y columna son pares, si son impares se mueve a la izquierdo o arriba, sino elige al azar"
128x128,0.1,7,23,1000,13.168213129043579,1000,1.0,ReflexAgent,"Limpia si está sucio, se mueve abajo o a la derecha si la fila y columna son pares, si son impares se mueve a la izquierdo o arriba, sino elige al azar"
128x128,0.1,8,38,1000,13.20772933959961,1000,1.0,ReflexAgent,"Limpia si está sucio, se mueve abajo o a la derecha si la fila y columna son pares, si son impares se mueve a la izquierdo o arriba, sino elige al azar"
128x128,0.1,9,41,1000,13.526972770690918,1000,1.0,ReflexAgent,"Limpia si está sucio, se mueve abajo o a la derecha si la fila y columna son pares, si son impares se mueve a la izquierdo o arriba, sino elige al azar"
128x128,0.1,10,31,1000,12.50503945350647,1000,1.0,ReflexAgent,"Limpia si está sucio, se mueve abajo o a la derecha si la fila y columna son pares, si son impares se mueve a la izquierdo o arriba, sino elige al azar"
128x128,0.2,1,81,1000,13.127002716064453,1000,1.0,ReflexAgent,"Limpia si está sucio, se mueve abajo o a la derecha si la fila y columna son pares, si son impares se mueve a la izquierdo o arriba, sino elige al azar"
128x128,0.2,2,34,1000,13.13286805152893,1000,1.0,ReflexAgent,"Limpia si está sucio, se mueve abajo o a la derecha si la fila y columna son pares, si son impares se mueve a la izquierdo o arriba, sino elige al azar"
128x128,0.2,3,82,1000,12.826554298400879,1000,1.0,ReflexAgent,"Limpia si está sucio, se mueve abajo o a la derecha si la fila y columna son pares, si son impares se mueve a la izquierdo o arriba, sino elige al azar"
128x128,0.2,4,71,1000,12.89602279663086,1000,1.0,ReflexAgent,"Limpia si está sucio, se mueve abajo o a la derecha si la fila y columna son pares, si son impares se mueve a la izquierdo o arriba, sino elige al azar"
128x128,0.2,5,75,1000,14.099384069442749,1000,1.0,ReflexAgent,"Limpia si está sucio, se mueve abajo o a la derecha si la fila y columna son pares, si son impares se mueve a la izquierdo o arriba, sino elige al azar"
128x128,0.2,6,55,1000,14.4603590965271,1000,1.0,ReflexAgent,"Limpia si está sucio, se mueve abajo o a la derecha si la fila y columna son pares, si son impares se mueve a la izquierdo o arriba, sino elige al azar"
128x128,0.2,7,66,1000,12.792541742324829,1000,1.0,ReflexAgent,"Limpia si está sucio, se mueve abajo o a la derecha si la fila y columna son pares, si son impares se mueve a la izquierdo o arriba, sino elige al azar"
128x128,0.2,8,77,1000,13.12384557723999,1000,1.0,ReflexAgent,"Limpia si está sucio, se mueve abajo o a la derecha si la fila y columna son pares, si son impares se mueve a la izquierdo o arriba, sino elige al azar"
128x128,0.2,9,52,1000,12.456359148025513,1000,1.0,ReflexAgent,"Limpia si está sucio, se mueve abajo o a la derecha si la fila y columna son pares, si son impares se mueve a la izquierdo o arriba, sino elige al azar"
128x128,0.2,10,66,1000,12.325133562088013,1000,1.0,ReflexAgent,"Limpia si está sucio, se mueve abajo o a la derecha si la fila y columna son pares, si son impares se mueve a la izquierdo o arriba, sino elige al azar"
128x128,0.4,1,83,1000,13.347444534301758,1000,1.0,ReflexAgent,"Limpia si está sucio, se mueve abajo o a la derecha si la fila y columna son pares, si son impares se mueve a la izquierdo o arriba, sino elige al azar"
128x128,0.4,2,100,1000,12.75579047203064,1000,1.0,ReflexAgent,"Limpia si está sucio, se mueve abajo o a la derecha si la fila y columna son pares, si son impares se mueve a la izquierdo o arriba, sino elige al azar"
128x128,0.4,3,86,1000,13.315710067749023,1000,1.0,ReflexAgent,"Limpia si está sucio, se mueve abajo o a la derecha si la fila y columna son pares, si son impares se mueve a la izquierdo o arriba, sino elige al azar"
128x128,0.4,4,132,1000,12.611308813095093,1000,1.0,ReflexAgent,"Limpia si está sucio, se mueve abajo o a la derecha si la fila y columna son pares, si son impares se mueve a la izquierdo o arriba, sino elige al azar"
128x128,0.4,5,142,1000,13.343162775039673,1000,1.0,ReflexAgent,"Limpia si está sucio, se mueve abajo o a la derecha si la fila y columna son pares, si son impares se mueve a la izquierdo o arriba, sino elige al azar"
128x128,0.4,6,135,1000,12.933609962463379,1000,1.0,ReflexAgent,"Limpia si está sucio, se mueve abajo o a la derecha si la fila y columna son pares, si son impares se mueve a la izquierdo o arriba, sino elige al azar"
128x128,0.4,7,70,1000,10.846324920654297,1000,1.0,ReflexAgent,"Limpia si está sucio, se mueve abajo o a la derecha si la fila y columna son pares, si son impares se mueve a la izquierdo o arriba, sino elige al azar"
128x128,0.4,8,107,1000,10.842040300369263,1000,1.0,ReflexAgent,"Limpia si está sucio, se mueve abajo o a la derecha si la fila y columna son pares, si son impares se mueve a la izquierdo o arriba, sino elige al azar"
128x128,0.4,9,114,1000,10.99714970588684,1000,1.0,ReflexAgent,"Limpia si está sucio, se mueve abajo o a la derecha si la fila y columna son pares, si son impares se mueve a la izquierdo o arriba, sino elige al azar"
128x128,0.4,10,130,1000,11.429786205291748,1000,1.0,ReflexAgent,"Limpia si está sucio, se mueve abajo o a la derecha si la fila y columna son pares, si son impares se mueve a la izquierdo o arriba, sino elige al azar"
128x128,0.8,1,219,1000,12.865028619766235,1000,1.0,ReflexAgent,"Limpia si está sucio, se mueve abajo o a la derecha si la fila y columna son pares, si son impares se mueve a la izquierdo o arriba, sino elige al azar"
128x128,0.8,2,253,1000,10.899768590927124,1000,1.0,ReflexAgent,"Limpia si está sucio, se mueve abajo o a la derecha si la fila y columna son pares, si son impares se mueve a la izquierdo o arriba, sino elige al azar"
128x128,0.8,3,227,1000,11.482859373092651,1000,1.0,ReflexAgent,"Limpia si está sucio, se mueve abajo o a la derecha si la fila y columna son pares, si son impares se mueve a la izquierdo o arriba, sino elige al azar"
128x128,0.8,4,257,1000,11.489163398742676,1000,1.0,ReflexAgent,"Limpia si está sucio, se mueve abajo o a la derecha si la fila y columna son pares, si son impares se mueve a la izquierdo o arriba, sino elige al azar"
128x128,0.8,5,211,1000,11.645470380783081,1000,1.0,ReflexAgent,"Limpia si está sucio, se mueve abajo o a la derecha si la fila y columna son pares, si son impares se mueve a la izquierdo o arriba, sino elige al azar"
128x128,0.8,6,185,1000,11.638952016830444,1000,1.0,ReflexAgent,"Limpia si está sucio, se mueve abajo o a la derecha si la fila y columna son pares, si son impares se mueve a la izquierdo o arriba, sino elige al azar"
128x128,0.8,7,246,1000,11.651213884353638,1000,1.0,ReflexAgent,"Limpia si está sucio, se mueve abajo o a la derecha si la fila y columna son pares, si son impares se mueve a la izquierdo o arriba, sino elige al azar"
128x128,0.8,8,196,1000,11.520961046218872,1000,1.0,ReflexAgent,"Limpia si está sucio, se mueve abajo o a la derecha si la fila y columna son pares, si son impares se mueve a la izquierdo o arriba, sino elige al azar"
128x128,0.8,9,160,1000,11.422472476959229,1000,1.0,ReflexAgent,"Limpia si está sucio, se mueve abajo o a la derecha si la fila y columna son pares, si son impares se mueve a la izquierdo o arriba, sino elige al azar"
128x128,0.8,10,187,1000,11.832107782363892,1000,1.0,ReflexAgent,"Limpia si está sucio, se mueve abajo o a la derecha si la fila y columna son pares, si son impares se mueve a la izquierdo o arriba, sino elige al azar"
