size,dirt_rate,run,performance,total_actions,execution_time,successful_actions,success_rate,agent_class,strategy,seed
2x2,0.1,1,0,0,0.008706092834472656,0,0,ReflexAgent,"Limpia si está sucio, se mueve abajo o a la derecha si la fila y columna son pares, si son impares se mueve a la izquierdo o arriba, sino elige al azar",12345
2x2,0.1,2,0,0,0.0061931610107421875,0,0,ReflexAgent,"Limpia si está sucio, se mueve abajo o a la derecha si la fila y columna son pares, si son impares se mueve a la izquierdo o arriba, sino elige al azar",12345
2x2,0.1,3,0,0,0.008791208267211914,0,0,ReflexAgent,"Limpia si está sucio, se mueve abajo o a la derecha si la fila y columna son pares, si son impares se mueve a la izquierdo o arriba, sino elige al azar",12345
2x2,0.1,4,0,0,0.006203889846801758,0,0,ReflexAgent,"Limpia si está sucio, se mueve abajo o a la derecha si la fila y columna son pares, si son impares se mueve a la izquierdo o arriba, sino elige al azar",12345
2x2,0.1,5,0,0,0.00789642333984375,0,0,ReflexAgent,"Limpia si está sucio, se mueve abajo o a la derecha si la fila y columna son pares, si son impares se mueve a la izquierdo o arriba, sino elige al azar",12345
2x2,0.1,6,0,0,0.006275177001953125,0,0,ReflexAgent,"Limpia si está sucio, se mueve abajo o a la derecha si la fila y columna son pares, si son impares se mueve a la izquierdo o arriba, sino elige al azar",12345
2x2,0.1,7,0,0,0.007235288619995117,0,0,ReflexAgent,"Limpia si está sucio, se mueve abajo o a la derecha si la fila y columna son pares, si son impares se mueve a la izquierdo o arriba, sino elige al azar",12345
2x2,0.1,8,0,0,0.006207942962646484,0,0,ReflexAgent,"Limpia si está sucio, se mueve abajo o a la derecha si la fila y columna son pares, si son impares se mueve a la izquierdo o arriba, sino elige al azar",12345
2x2,0.1,9,0,0,0.007880687713623047,0,0,ReflexAgent,"Limpia si está sucio, se mueve abajo o a la derecha si la fila y columna son pares, si son impares se mueve a la izquierdo o arriba, sino elige al azar",12345
2x2,0.1,10,0,0,0.006674528121948242,0,0,ReflexAgent,"Limpia si está sucio, se mueve abajo o a la derecha si la fila y columna son pares, si son impares se mueve a la izquierdo o arriba, sino elige al azar",12345
2x2,0.2,1,0,0,0.006509304046630859,0,0,ReflexAgent,"Limpia si está sucio, se mueve abajo o a la derecha si la fila y columna son pares, si son impares se mueve a la izquierdo o arriba, sino elige al azar",12346
2x2,0.2,2,0,0,0.006324291229248047,0,0,ReflexAgent,"Limpia si está sucio, se mueve abajo o a la derecha si la fila y columna son pares, si son impares se mueve a la izquierdo o arriba, sino elige al azar",12346
2x2,0.2,3,0,0,0.0071256160736083984,0,0,ReflexAgent,"Limpia si está sucio, se mueve abajo o a la derecha si la fila y columna son pares, si son impares se mueve a la izquierdo o arriba, sino elige al azar",12346
2x2,0.2,4,0,0,0.006278038024902344,0,0,ReflexAgent,"Limpia si está sucio, se mueve abajo o a la derecha si la fila y columna son pares, si son impares se mueve a la izquierdo o arriba, sino elige al azar",12346
2x2,0.2,5,0,0,0.006884336471557617,0,0,ReflexAgent,"Limpia si está sucio, se mueve abajo o a la derecha si la fila y columna son pares, si son impares se mueve a la izquierdo o arriba, sino elige al azar",12346
2x2,0.2,6,0,0,0.006244659423828125,0,0,ReflexAgent,"Limpia si está sucio, se mueve abajo o a la derecha si la fila y columna son pares, si son impares se mueve a la izquierdo o arriba, sino elige al azar",12346
2x2,0.2,7,0,0,0.007181882858276367,0,0,ReflexAgent,"Limpia si está sucio, se mueve abajo o a la derecha si la fila y columna son pares, si son impares se mueve a la izquierdo o arriba, sino elige al azar",12346
2x2,0.2,8,0,0,0.006338596343994141,0,0,ReflexAgent,"Limpia si está sucio, se mueve abajo o a la derecha si la fila y columna son pares, si son impares se mueve a la izquierdo o arriba, sino elige al azar",12346
2x2,0.2,9,0,0,0.007258415222167969,0,0,ReflexAgent,"Limpia si está sucio, se mueve abajo o a la derecha si la fila y columna son pares, si son impares se mueve a la izquierdo o arriba, sino elige al azar",12346
2x2,0.2,10,0,0,0.006197929382324219,0,0,ReflexAgent,"Limpia si está sucio, se mueve abajo o a la derecha si la fila y columna son pares, si son impares se mueve a la izquierdo o arriba, sino elige al azar",12346
2x2,0.4,1,1,1,0.011348485946655273,1,1.0,ReflexAgent,"Limpia si está sucio, se mueve abajo o a la derecha si la fila y columna son pares, si son impares se mueve a la izquierdo o arriba, sino elige al azar",12347
2x2,0.4,2,1,1,0.011201620101928711,1,1.0,ReflexAgent,"Limpia si está sucio, se mueve abajo o a la derecha si la fila y columna son pares, si son impares se mueve a la izquierdo o arriba, sino elige al azar",12347
2x2,0.4,3,1,1,0.010636329650878906,1,1.0,ReflexAgent,"Limpia si está sucio, se mueve abajo o a la derecha si la fila y columna son pares, si son impares se mueve a la izquierdo o arriba, sino elige al azar",12347
2x2,0.4,4,1,1,0.010193586349487305,1,1.0,ReflexAgent,"Limpia si está sucio, se mueve abajo o a la derecha si la fila y columna son pares, si son impares se mueve a la izquierdo o arriba, sino elige al azar",12347
2x2,0.4,5,1,1,0.011050939559936523,1,1.0,ReflexAgent,"Limpia si está sucio, se mueve abajo o a la derecha si la fila y columna son pares, si son impares se mueve a la izquierdo o arriba, sino elige al azar",12347
2x2,0.4,6,1,1,0.011078357696533203,1,1.0,ReflexAgent,"Limpia si está sucio, se mueve abajo o a la derecha si la fila y columna son pares, si son impares se mueve a la izquierdo o arriba, sino elige al azar",12347
2x2,0.4,7,1,1,0.009907245635986328,1,1.0,ReflexAgent,"Limpia si está sucio, se mueve abajo o a la derecha si la fila y columna son pares, si son impares se mueve a la izquierdo o arriba, sino elige al azar",12347
2x2,0.4,8,1,1,0.010636329650878906,1,1.0,ReflexAgent,"Limpia si está sucio, se mueve abajo o a la derecha si la fila y columna son pares, si son impares se mueve a la izquierdo o arriba, sino elige al azar",12347
2x2,0.4,9,1,1,0.011263608932495117,1,1.0,ReflexAgent,"Limpia si está sucio, se mueve abajo o a la derecha si la fila y columna son pares, si son impares se mueve a la izquierdo o arriba, sino elige al azar",12347
2x2,0.4,10,1,1,0.010802030563354492,1,1.0,ReflexAgent,"Limpia si está sucio, se mueve abajo o a la derecha si la fila y columna son pares, si son impares se mueve a la izquierdo o arriba, sino elige al azar",12347
2x2,0.8,1,3,5,0.026308774948120117,5,1.0,ReflexAgent,"Limpia si está sucio, se mueve abajo o a la derecha si la fila y columna son pares, si son impares se mueve a la izquierdo o arriba, sino elige al azar",12348
2x2,0.8,2,3,5,0.02679896354675293,5,1.0,ReflexAgent,"Limpia si está sucio, se mueve abajo o a la derecha si la fila y columna son pares, si son impares se mueve a la izquierdo o arriba, sino elige al azar",12348
2x2,0.8,3,3,5,0.02575063705444336,5,1.0,ReflexAgent,"Limpia si está sucio, se mueve abajo o a la derecha si la fila y columna son pares, si son impares se mueve a la izquierdo o arriba, sino elige al azar",12348
2x2,0.8,4,3,5,0.02586650848388672,5,1.0,ReflexAgent,"Limpia si está sucio, se mueve abajo o a la derecha si la fila y columna son pares, si son impares se mueve a la izquierdo o arriba, sino elige al azar",12348
2x2,0.8,5,3,5,0.02602553367614746,5,1.0,ReflexAgent,"Limpia si está sucio, se mueve abajo o a la derecha si la fila y columna son pares, si son impares se mueve a la izquierdo o arriba, sino elige al azar",12348
2x2,0.8,6,3,5,0.02603888511657715,5,1.0,ReflexAgent,"Limpia si está sucio, se mueve abajo o a la derecha si la fila y columna son pares, si son impares se mueve a la izquierdo o arriba, sino elige al azar",12348
2x2,0.8,7,3,5,0.02897047996520996,5,1.0,ReflexAgent,"Limpia si está sucio, se mueve abajo o a la derecha si la fila y columna son pares, si son impares se mueve a la izquierdo o arriba, sino elige al azar",12348
2x2,0.8,8,3,5,0.026676416397094727,5,1.0,ReflexAgent,"Limpia si está sucio, se mueve abajo o a la derecha si la fila y columna son pares, si son impares se mueve a la izquierdo o arriba, sino elige al azar",12348
2x2,0.8,9,3,5,0.026430368423461914,5,1.0,ReflexAgent,"Limpia si está sucio, se mueve abajo o a la derecha si la fila y columna son pares, si son impares se mueve a la izquierdo o arriba, sino elige al azar",12348
2x2,0.8,10,3,5,0.0287630558013916,5,1.0,ReflexAgent,"Limpia si está sucio, se mueve abajo o a la derecha si la fila y columna son pares, si son impares se mueve a la izquierdo o arriba, sino elige al azar",12348
4x4,0.1,1,1,2,0.015879154205322266,2,1.0,ReflexAgent,"Limpia si está sucio, se mueve abajo o a la derecha si la fila y columna son pares, si son impares se mueve a la izquierdo o arriba, sino elige al azar",12349
4x4,0.1,2,1,2,0.015380382537841797,2,1.0,ReflexAgent,"Limpia si está sucio, se mueve abajo o a la derecha si la fila y columna son pares, si son impares se mueve a la izquierdo o arriba, sino elige al azar",12349
4x4,0.1,3,1,2,0.018162012100219727,2,1.0,ReflexAgent,"Limpia si está sucio, se mueve abajo o a la derecha si la fila y columna son pares, si son impares se mueve a la izquierdo o arriba, sino elige al azar",12349
4x4,0.1,4,1,2,0.014253616333007812,2,1.0,ReflexAgent,"Limpia si está sucio, se mueve abajo o a la derecha si la fila y columna son pares, si son impares se mueve a la izquierdo o arriba, sino elige al azar",12349
4x4,0.1,5,1,2,0.01592707633972168,2,1.0,ReflexAgent,"Limpia si está sucio, se mueve abajo o a la derecha si la fila y columna son pares, si son impares se mueve a la izquierdo o arriba, sino elige al azar",12349
4x4,0.1,6,1,2,0.014196395874023438,2,1.0,ReflexAgent,"Limpia si está sucio, se mueve abajo o a la derecha si la fila y columna son pares, si son impares se mueve a la izquierdo o arriba, sino elige al azar",12349
4x4,0.1,7,1,2,0.01611495018005371,2,1.0,ReflexAgent,"Limpia si está sucio, se mueve abajo o a la derecha si la fila y columna son pares, si son impares se mueve a la izquierdo o arriba, sino elige al azar",12349
4x4,0.1,8,1,2,0.014484405517578125,2,1.0,ReflexAgent,"Limpia si está sucio, se mueve abajo o a la derecha si la fila y columna son pares, si son impares se mueve a la izquierdo o arriba, sino elige al azar",12349
4x4,0.1,9,1,2,0.016516685485839844,2,1.0,ReflexAgent,"Limpia si está sucio, se mueve abajo o a la derecha si la fila y columna son pares, si son impares se mueve a la izquierdo o arriba, sino elige al azar",12349
4x4,0.1,10,1,2,0.023142576217651367,2,1.0,ReflexAgent,"Limpia si está sucio, se mueve abajo o a la derecha si la fila y columna son pares, si son impares se mueve a la izquierdo o arriba, sino elige al azar",12349
4x4,0.2,1,3,18,0.07943296432495117,18,1.0,ReflexAgent,"Limpia si está sucio, se mueve abajo o a la derecha si la fila y columna son pares, si son impares se mueve a la izquierdo o arriba, sino elige al azar",12350
4x4,0.2,2,3,18,0.07847189903259277,18,1.0,ReflexAgent,"Limpia si está sucio, se mueve abajo o a la derecha si la fila y columna son pares, si son impares se mueve a la izquierdo o arriba, sino elige al azar",12350
4x4,0.2,3,3,18,0.08083152770996094,18,1.0,ReflexAgent,"Limpia si está sucio, se mueve abajo o a la derecha si la fila y columna son pares, si son impares se mueve a la izquierdo o arriba, sino elige al azar",12350
4x4,0.2,4,3,18,0.07914328575134277,18,1.0,ReflexAgent,"Limpia si está sucio, se mueve abajo o a la derecha si la fila y columna son pares, si son impares se mueve a la izquierdo o arriba, sino elige al azar",12350
4x4,0.2,5,3,18,0.08328866958618164,18,1.0,ReflexAgent,"Limpia si está sucio, se mueve abajo o a la derecha si la fila y columna son pares, si son impares se mueve a la izquierdo o arriba, sino elige al azar",12350
4x4,0.2,6,3,18,0.08867645263671875,18,1.0,ReflexAgent,"Limpia si está sucio, se mueve abajo o a la derecha si la fila y columna son pares, si son impares se mueve a la izquierdo o arriba, sino elige al azar",12350
4x4,0.2,7,3,18,0.10020923614501953,18,1.0,ReflexAgent,"Limpia si está sucio, se mueve abajo o a la derecha si la fila y columna son pares, si son impares se mueve a la izquierdo o arriba, sino elige al azar",12350
4x4,0.2,8,3,18,0.09928297996520996,18,1.0,ReflexAgent,"Limpia si está sucio, se mueve abajo o a la derecha si la fila y columna son pares, si son impares se mueve a la izquierdo o arriba, sino elige al azar",12350
4x4,0.2,9,3,18,0.07497382164001465,18,1.0,ReflexAgent,"Limpia si está sucio, se mueve abajo o a la derecha si la fila y columna son pares, si son impares se mueve a la izquierdo o arriba, sino elige al azar",12350
4x4,0.2,10,3,18,0.07605981826782227,18,1.0,ReflexAgent,"Limpia si está sucio, se mueve abajo o a la derecha si la fila y columna son pares, si son impares se mueve a la izquierdo o arriba, sino elige al azar",12350
4x4,0.4,1,6,40,0.16678786277770996,40,1.0,ReflexAgent,"Limpia si está sucio, se mueve abajo o a la derecha si la fila y columna son pares, si son impares se mueve a la izquierdo o arriba, sino elige al azar",12351
4x4,0.4,2,6,40,0.18642473220825195,40,1.0,ReflexAgent,"Limpia si está sucio, se mueve abajo o a la derecha si la fila y columna son pares, si son impares se mueve a la izquierdo o arriba, sino elige al azar",12351
4x4,0.4,3,6,40,0.16846561431884766,40,1.0,ReflexAgent,"Limpia si está sucio, se mueve abajo o a la derecha si la fila y columna son pares, si son impares se mueve a la izquierdo o arriba, sino elige al azar",12351
4x4,0.4,4,6,40,0.1645524501800537,40,1.0,ReflexAgent,"Limpia si está sucio, se mueve abajo o a la derecha si la fila y columna son pares, si son impares se mueve a la izquierdo o arriba, sino elige al azar",12351
4x4,0.4,5,6,40,0.16114377975463867,40,1.0,ReflexAgent,"Limpia si está sucio, se mueve abajo o a la derecha si la fila y columna son pares, si son impares se mueve a la izquierdo o arriba, sino elige al azar",12351
4x4,0.4,6,6,40,0.17107510566711426,40,1.0,ReflexAgent,"Limpia si está sucio, se mueve abajo o a la derecha si la fila y columna son pares, si son impares se mueve a la izquierdo o arriba, sino elige al azar",12351
4x4,0.4,7,6,40,0.187636137008667,40,1.0,ReflexAgent,"Limpia si está sucio, se mueve abajo o a la derecha si la fila y columna son pares, si son impares se mueve a la izquierdo o arriba, sino elige al azar",12351
4x4,0.4,8,6,40,0.18406391143798828,40,1.0,ReflexAgent,"Limpia si está sucio, se mueve abajo o a la derecha si la fila y columna son pares, si son impares se mueve a la izquierdo o arriba, sino elige al azar",12351
4x4,0.4,9,6,40,0.19339585304260254,40,1.0,ReflexAgent,"Limpia si está sucio, se mueve abajo o a la derecha si la fila y columna son pares, si son impares se mueve a la izquierdo o arriba, sino elige al azar",12351
4x4,0.4,10,6,40,0.20442700386047363,40,1.0,ReflexAgent,"Limpia si está sucio, se mueve abajo o a la derecha si la fila y columna son pares, si son impares se mueve a la izquierdo o arriba, sino elige al azar",12351
4x4,0.8,1,12,108,0.5045523643493652,108,1.0,ReflexAgent,"Limpia si está sucio, se mueve abajo o a la derecha si la fila y columna son pares, si son impares se mueve a la izquierdo o arriba, sino elige al azar",12352
4x4,0.8,2,12,108,0.5070686340332031,108,1.0,ReflexAgent,"Limpia si está sucio, se mueve abajo o a la derecha si la fila y columna son pares, si son impares se mueve a la izquierdo o arriba, sino elige al azar",12352
4x4,0.8,3,12,108,0.4951341152191162,108,1.0,ReflexAgent,"Limpia si está sucio, se mueve abajo o a la derecha si la fila y columna son pares, si son impares se mueve a la izquierdo o arriba, sino elige al azar",12352
4x4,0.8,4,12,108,0.5119106769561768,108,1.0,ReflexAgent,"Limpia si está sucio, se mueve abajo o a la derecha si la fila y columna son pares, si son impares se mueve a la izquierdo o arriba, sino elige al azar",12352
4x4,0.8,5,12,108,0.5068008899688721,108,1.0,ReflexAgent,"Limpia si está sucio, se mueve abajo o a la derecha si la fila y columna son pares, si son impares se mueve a la izquierdo o arriba, sino elige al azar",12352
4x4,0.8,6,12,108,0.5155961513519287,108,1.0,ReflexAgent,"Limpia si está sucio, se mueve abajo o a la derecha si la fila y columna son pares, si son impares se mueve a la izquierdo o arriba, sino elige al azar",12352
4x4,0.8,7,12,108,0.49053406715393066,108,1.0,ReflexAgent,"Limpia si está sucio, se mueve abajo o a la derecha si la fila y columna son pares, si son impares se mueve a la izquierdo o arriba, sino elige al azar",12352
4x4,0.8,8,12,108,0.4317162036895752,108,1.0,ReflexAgent,"Limpia si está sucio, se mueve abajo o a la derecha si la fila y columna son pares, si son impares se mueve a la izquierdo o arriba, sino elige al azar",12352
4x4,0.8,9,12,108,0.4324171543121338,108,1.0,ReflexAgent,"Limpia si está sucio, se mueve abajo o a la derecha si la fila y columna son pares, si son impares se mueve a la izquierdo o arriba, sino elige al azar",12352
4x4,0.8,10,12,108,0.4249565601348877,108,1.0,ReflexAgent,"Limpia si está sucio, se mueve abajo o a la derecha si la fila y columna son pares, si son impares se mueve a la izquierdo o arriba, sino elige al azar",12352
8x8,0.1,1,6,101,0.3993189334869385,101,1.0,ReflexAgent,"Limpia si está sucio, se mueve abajo o a la derecha si la fila y columna son pares, si son impares se mueve a la izquierdo o arriba, sino elige al azar",12353
8x8,0.1,2,6,101,0.39515209197998047,101,1.0,ReflexAgent,"Limpia si está sucio, se mueve abajo o a la derecha si la fila y columna son pares, si son impares se mueve a la izquierdo o arriba, sino elige al azar",12353
8x8,0.1,3,6,101,0.40592384338378906,101,1.0,ReflexAgent,"Limpia si está sucio, se mueve abajo o a la derecha si la fila y columna son pares, si son impares se mueve a la izquierdo o arriba, sino elige al azar",12353
8x8,0.1,4,6,101,0.40403079986572266,101,1.0,ReflexAgent,"Limpia si está sucio, se mueve abajo o a la derecha si la fila y columna son pares, si son impares se mueve a la izquierdo o arriba, sino elige al azar",12353
8x8,0.1,5,6,101,0.40593719482421875,101,1.0,ReflexAgent,"Limpia si está sucio, se mueve abajo o a la derecha si la fila y columna son pares, si son impares se mueve a la izquierdo o arriba, sino elige al azar",12353
8x8,0.1,6,6,101,0.4064767360687256,101,1.0,ReflexAgent,"Limpia si está sucio, se mueve abajo o a la derecha si la fila y columna son pares, si son impares se mueve a la izquierdo o arriba, sino elige al azar",12353
8x8,0.1,7,6,101,0.4304313659667969,101,1.0,ReflexAgent,"Limpia si está sucio, se mueve abajo o a la derecha si la fila y columna son pares, si son impares se mueve a la izquierdo o arriba, sino elige al azar",12353
8x8,0.1,8,6,101,0.43411827087402344,101,1.0,ReflexAgent,"Limpia si está sucio, se mueve abajo o a la derecha si la fila y columna son pares, si son impares se mueve a la izquierdo o arriba, sino elige al azar",12353
8x8,0.1,9,6,101,0.43445634841918945,101,1.0,ReflexAgent,"Limpia si está sucio, se mueve abajo o a la derecha si la fila y columna son pares, si son impares se mueve a la izquierdo o arriba, sino elige al azar",12353
8x8,0.1,10,6,101,0.44042420387268066,101,1.0,ReflexAgent,"Limpia si está sucio, se mueve abajo o a la derecha si la fila y columna son pares, si son impares se mueve a la izquierdo o arriba, sino elige al azar",12353
8x8,0.2,1,12,990,4.6273486614227295,990,1.0,ReflexAgent,"Limpia si está sucio, se mueve abajo o a la derecha si la fila y columna son pares, si son impares se mueve a la izquierdo o arriba, sino elige al azar",12354
8x8,0.2,2,12,990,4.525313377380371,990,1.0,ReflexAgent,"Limpia si está sucio, se mueve abajo o a la derecha si la fila y columna son pares, si son impares se mueve a la izquierdo o arriba, sino elige al azar",12354
8x8,0.2,3,12,990,4.4445250034332275,990,1.0,ReflexAgent,"Limpia si está sucio, se mueve abajo o a la derecha si la fila y columna son pares, si son impares se mueve a la izquierdo o arriba, sino elige al azar",12354
8x8,0.2,4,12,990,4.94156813621521,990,1.0,ReflexAgent,"Limpia si está sucio, se mueve abajo o a la derecha si la fila y columna son pares, si son impares se mueve a la izquierdo o arriba, sino elige al azar",12354
8x8,0.2,5,12,990,4.309841156005859,990,1.0,ReflexAgent,"Limpia si está sucio, se mueve abajo o a la derecha si la fila y columna son pares, si son impares se mueve a la izquierdo o arriba, sino elige al azar",12354
8x8,0.2,6,12,990,4.9507896900177,990,1.0,ReflexAgent,"Limpia si está sucio, se mueve abajo o a la derecha si la fila y columna son pares, si son impares se mueve a la izquierdo o arriba, sino elige al azar",12354
8x8,0.2,7,12,990,6.439701557159424,990,1.0,ReflexAgent,"Limpia si está sucio, se mueve abajo o a la derecha si la fila y columna son pares, si son impares se mueve a la izquierdo o arriba, sino elige al azar",12354
8x8,0.2,8,12,990,4.898503541946411,990,1.0,ReflexAgent,"Limpia si está sucio, se mueve abajo o a la derecha si la fila y columna son pares, si son impares se mueve a la izquierdo o arriba, sino elige al azar",12354
8x8,0.2,9,12,990,5.873950958251953,990,1.0,ReflexAgent,"Limpia si está sucio, se mueve abajo o a la derecha si la fila y columna son pares, si son impares se mueve a la izquierdo o arriba, sino elige al azar",12354
8x8,0.2,10,12,990,8.049025774002075,990,1.0,ReflexAgent,"Limpia si está sucio, se mueve abajo o a la derecha si la fila y columna son pares, si son impares se mueve a la izquierdo o arriba, sino elige al azar",12354
8x8,0.4,1,25,565,2.760948657989502,565,1.0,ReflexAgent,"Limpia si está sucio, se mueve abajo o a la derecha si la fila y columna son pares, si son impares se mueve a la izquierdo o arriba, sino elige al azar",12355
8x8,0.4,2,25,565,2.725191116333008,565,1.0,ReflexAgent,"Limpia si está sucio, se mueve abajo o a la derecha si la fila y columna son pares, si son impares se mueve a la izquierdo o arriba, sino elige al azar",12355
8x8,0.4,3,25,565,2.722263813018799,565,1.0,ReflexAgent,"Limpia si está sucio, se mueve abajo o a la derecha si la fila y columna son pares, si son impares se mueve a la izquierdo o arriba, sino elige al azar",12355
8x8,0.4,4,25,565,2.7498230934143066,565,1.0,ReflexAgent,"Limpia si está sucio, se mueve abajo o a la derecha si la fila y columna son pares, si son impares se mueve a la izquierdo o arriba, sino elige al azar",12355
8x8,0.4,5,25,565,2.8681910037994385,565,1.0,ReflexAgent,"Limpia si está sucio, se mueve abajo o a la derecha si la fila y columna son pares, si son impares se mueve a la izquierdo o arriba, sino elige al azar",12355
8x8,0.4,6,25,565,2.9053142070770264,565,1.0,ReflexAgent,"Limpia si está sucio, se mueve abajo o a la derecha si la fila y columna son pares, si son impares se mueve a la izquierdo o arriba, sino elige al azar",12355
8x8,0.4,7,25,565,2.4501287937164307,565,1.0,ReflexAgent,"Limpia si está sucio, se mueve abajo o a la derecha si la fila y columna son pares, si son impares se mueve a la izquierdo o arriba, sino elige al azar",12355
8x8,0.4,8,25,565,2.662670612335205,565,1.0,ReflexAgent,"Limpia si está sucio, se mueve abajo o a la derecha si la fila y columna son pares, si son impares se mueve a la izquierdo o arriba, sino elige al azar",12355
8x8,0.4,9,25,565,2.7894883155822754,565,1.0,ReflexAgent,"Limpia si está sucio, se mueve abajo o a la derecha si la fila y columna son pares, si son impares se mueve a la izquierdo o arriba, sino elige al azar",12355
8x8,0.4,10,25,565,2.9473724365234375,565,1.0,ReflexAgent,"Limpia si está sucio, se mueve abajo o a la derecha si la fila y columna son pares, si son impares se mueve a la izquierdo o arriba, sino elige al azar",12355
8x8,0.8,1,49,1000,5.076443910598755,1000,1.0,ReflexAgent,"Limpia si está sucio, se mueve abajo o a la derecha si la fila y columna son pares, si son impares se mueve a la izquierdo o arriba, sino elige al azar",12356
8x8,0.8,2,49,1000,4.719767808914185,1000,1.0,ReflexAgent,"Limpia si está sucio, se mueve abajo o a la derecha si la fila y columna son pares, si son impares se mueve a la izquierdo o arriba, sino elige al azar",12356
8x8,0.8,3,49,1000,4.668024778366089,1000,1.0,ReflexAgent,"Limpia si está sucio, se mueve abajo o a la derecha si la fila y columna son pares, si son impares se mueve a la izquierdo o arriba, sino elige al azar",12356
8x8,0.8,4,49,1000,4.672307014465332,1000,1.0,ReflexAgent,"Limpia si está sucio, se mueve abajo o a la derecha si la fila y columna son pares, si son impares se mueve a la izquierdo o arriba, sino elige al azar",12356
8x8,0.8,5,49,1000,4.285907983779907,1000,1.0,ReflexAgent,"Limpia si está sucio, se mueve abajo o a la derecha si la fila y columna son pares, si son impares se mueve a la izquierdo o arriba, sino elige al azar",12356
8x8,0.8,6,49,1000,3.809133291244507,1000,1.0,ReflexAgent,"Limpia si está sucio, se mueve abajo o a la derecha si la fila y columna son pares, si son impares se mueve a la izquierdo o arriba, sino elige al azar",12356
8x8,0.8,7,49,1000,4.168029069900513,1000,1.0,ReflexAgent,"Limpia si está sucio, se mueve abajo o a la derecha si la fila y columna son pares, si son impares se mueve a la izquierdo o arriba, sino elige al azar",12356
8x8,0.8,8,49,1000,4.335472345352173,1000,1.0,ReflexAgent,"Limpia si está sucio, se mueve abajo o a la derecha si la fila y columna son pares, si son impares se mueve a la izquierdo o arriba, sino elige al azar",12356
8x8,0.8,9,49,1000,4.409064769744873,1000,1.0,ReflexAgent,"Limpia si está sucio, se mueve abajo o a la derecha si la fila y columna son pares, si son impares se mueve a la izquierdo o arriba, sino elige al azar",12356
8x8,0.8,10,49,1000,4.150756120681763,1000,1.0,ReflexAgent,"Limpia si está sucio, se mueve abajo o a la derecha si la fila y columna son pares, si son impares se mueve a la izquierdo o arriba, sino elige al azar",12356
16x16,0.1,1,22,1000,4.413390636444092,1000,1.0,ReflexAgent,"Limpia si está sucio, se mueve abajo o a la derecha si la fila y columna son pares, si son impares se mueve a la izquierdo o arriba, sino elige al azar",12357
16x16,0.1,2,22,1000,4.509389638900757,1000,1.0,ReflexAgent,"Limpia si está sucio, se mueve abajo o a la derecha si la fila y columna son pares, si son impares se mueve a la izquierdo o arriba, sino elige al azar",12357
16x16,0.1,3,22,1000,4.3921897411346436,1000,1.0,ReflexAgent,"Limpia si está sucio, se mueve abajo o a la derecha si la fila y columna son pares, si son impares se mueve a la izquierdo o arriba, sino elige al azar",12357
16x16,0.1,4,22,1000,4.6142072677612305,1000,1.0,ReflexAgent,"Limpia si está sucio, se mueve abajo o a la derecha si la fila y columna son pares, si son impares se mueve a la izquierdo o arriba, sino elige al azar",12357
16x16,0.1,5,22,1000,5.467330694198608,1000,1.0,ReflexAgent,"Limpia si está sucio, se mueve abajo o a la derecha si la fila y columna son pares, si son impares se mueve a la izquierdo o arriba, sino elige al azar",12357
16x16,0.1,6,22,1000,5.36697244644165,1000,1.0,ReflexAgent,"Limpia si está sucio, se mueve abajo o a la derecha si la fila y columna son pares, si son impares se mueve a la izquierdo o arriba, sino elige al azar",12357
16x16,0.1,7,22,1000,5.77509880065918,1000,1.0,ReflexAgent,"Limpia si está sucio, se mueve abajo o a la derecha si la fila y columna son pares, si son impares se mueve a la izquierdo o arriba, sino elige al azar",12357
16x16,0.1,8,22,1000,5.427047967910767,1000,1.0,ReflexAgent,"Limpia si está sucio, se mueve abajo o a la derecha si la fila y columna son pares, si son impares se mueve a la izquierdo o arriba, sino elige al azar",12357
16x16,0.1,9,22,1000,5.0363006591796875,1000,1.0,ReflexAgent,"Limpia si está sucio, se mueve abajo o a la derecha si la fila y columna son pares, si son impares se mueve a la izquierdo o arriba, sino elige al azar",12357
16x16,0.1,10,22,1000,4.8339784145355225,1000,1.0,ReflexAgent,"Limpia si está sucio, se mueve abajo o a la derecha si la fila y columna son pares, si son impares se mueve a la izquierdo o arriba, sino elige al azar",12357
16x16,0.2,1,45,1000,5.727277517318726,1000,1.0,ReflexAgent,"Limpia si está sucio, se mueve abajo o a la derecha si la fila y columna son pares, si son impares se mueve a la izquierdo o arriba, sino elige al azar",12358
16x16,0.2,2,45,1000,5.424793004989624,1000,1.0,ReflexAgent,"Limpia si está sucio, se mueve abajo o a la derecha si la fila y columna son pares, si son impares se mueve a la izquierdo o arriba, sino elige al azar",12358
16x16,0.2,3,45,1000,5.787309169769287,1000,1.0,ReflexAgent,"Limpia si está sucio, se mueve abajo o a la derecha si la fila y columna son pares, si son impares se mueve a la izquierdo o arriba, sino elige al azar",12358
16x16,0.2,4,45,1000,6.734003067016602,1000,1.0,ReflexAgent,"Limpia si está sucio, se mueve abajo o a la derecha si la fila y columna son pares, si son impares se mueve a la izquierdo o arriba, sino elige al azar",12358
16x16,0.2,5,45,1000,4.547969818115234,1000,1.0,ReflexAgent,"Limpia si está sucio, se mueve abajo o a la derecha si la fila y columna son pares, si son impares se mueve a la izquierdo o arriba, sino elige al azar",12358
16x16,0.2,6,45,1000,4.697788238525391,1000,1.0,ReflexAgent,"Limpia si está sucio, se mueve abajo o a la derecha si la fila y columna son pares, si son impares se mueve a la izquierdo o arriba, sino elige al azar",12358
16x16,0.2,7,45,1000,6.160471677780151,1000,1.0,ReflexAgent,"Limpia si está sucio, se mueve abajo o a la derecha si la fila y columna son pares, si son impares se mueve a la izquierdo o arriba, sino elige al azar",12358
16x16,0.2,8,45,1000,5.335966348648071,1000,1.0,ReflexAgent,"Limpia si está sucio, se mueve abajo o a la derecha si la fila y columna son pares, si son impares se mueve a la izquierdo o arriba, sino elige al azar",12358
16x16,0.2,9,45,1000,5.224543333053589,1000,1.0,ReflexAgent,"Limpia si está sucio, se mueve abajo o a la derecha si la fila y columna son pares, si son impares se mueve a la izquierdo o arriba, sino elige al azar",12358
16x16,0.2,10,45,1000,5.713115930557251,1000,1.0,ReflexAgent,"Limpia si está sucio, se mueve abajo o a la derecha si la fila y columna son pares, si son impares se mueve a la izquierdo o arriba, sino elige al azar",12358
16x16,0.4,1,43,1000,5.299488544464111,1000,1.0,ReflexAgent,"Limpia si está sucio, se mueve abajo o a la derecha si la fila y columna son pares, si son impares se mueve a la izquierdo o arriba, sino elige al azar",12359
16x16,0.4,2,43,1000,5.753170490264893,1000,1.0,ReflexAgent,"Limpia si está sucio, se mueve abajo o a la derecha si la fila y columna son pares, si son impares se mueve a la izquierdo o arriba, sino elige al azar",12359
16x16,0.4,3,43,1000,5.103813171386719,1000,1.0,ReflexAgent,"Limpia si está sucio, se mueve abajo o a la derecha si la fila y columna son pares, si son impares se mueve a la izquierdo o arriba, sino elige al azar",12359
16x16,0.4,4,43,1000,6.5436131954193115,1000,1.0,ReflexAgent,"Limpia si está sucio, se mueve abajo o a la derecha si la fila y columna son pares, si son impares se mueve a la izquierdo o arriba, sino elige al azar",12359
16x16,0.4,5,43,1000,5.38251805305481,1000,1.0,ReflexAgent,"Limpia si está sucio, se mueve abajo o a la derecha si la fila y columna son pares, si son impares se mueve a la izquierdo o arriba, sino elige al azar",12359
16x16,0.4,6,43,1000,4.825061321258545,1000,1.0,ReflexAgent,"Limpia si está sucio, se mueve abajo o a la derecha si la fila y columna son pares, si son impares se mueve a la izquierdo o arriba, sino elige al azar",12359
16x16,0.4,7,43,1000,5.33224892616272,1000,1.0,ReflexAgent,"Limpia si está sucio, se mueve abajo o a la derecha si la fila y columna son pares, si son impares se mueve a la izquierdo o arriba, sino elige al azar",12359
16x16,0.4,8,43,1000,5.683037042617798,1000,1.0,ReflexAgent,"Limpia si está sucio, se mueve abajo o a la derecha si la fila y columna son pares, si son impares se mueve a la izquierdo o arriba, sino elige al azar",12359
16x16,0.4,9,43,1000,5.747609853744507,1000,1.0,ReflexAgent,"Limpia si está sucio, se mueve abajo o a la derecha si la fila y columna son pares, si son impares se mueve a la izquierdo o arriba, sino elige al azar",12359
16x16,0.4,10,43,1000,4.614864349365234,1000,1.0,ReflexAgent,"Limpia si está sucio, se mueve abajo o a la derecha si la fila y columna son pares, si son impares se mueve a la izquierdo o arriba, sino elige al azar",12359
16x16,0.8,1,131,1000,4.630168914794922,1000,1.0,ReflexAgent,"Limpia si está sucio, se mueve abajo o a la derecha si la fila y columna son pares, si son impares se mueve a la izquierdo o arriba, sino elige al azar",12360
16x16,0.8,2,131,1000,4.774927854537964,1000,1.0,ReflexAgent,"Limpia si está sucio, se mueve abajo o a la derecha si la fila y columna son pares, si son impares se mueve a la izquierdo o arriba, sino elige al azar",12360
16x16,0.8,3,131,1000,5.411531925201416,1000,1.0,ReflexAgent,"Limpia si está sucio, se mueve abajo o a la derecha si la fila y columna son pares, si son impares se mueve a la izquierdo o arriba, sino elige al azar",12360
16x16,0.8,4,131,1000,5.2873759269714355,1000,1.0,ReflexAgent,"Limpia si está sucio, se mueve abajo o a la derecha si la fila y columna son pares, si son impares se mueve a la izquierdo o arriba, sino elige al azar",12360
16x16,0.8,5,131,1000,6.0320727825164795,1000,1.0,ReflexAgent,"Limpia si está sucio, se mueve abajo o a la derecha si la fila y columna son pares, si son impares se mueve a la izquierdo o arriba, sino elige al azar",12360
16x16,0.8,6,131,1000,5.014835357666016,1000,1.0,ReflexAgent,"Limpia si está sucio, se mueve abajo o a la derecha si la fila y columna son pares, si son impares se mueve a la izquierdo o arriba, sino elige al azar",12360
16x16,0.8,7,131,1000,5.237439870834351,1000,1.0,ReflexAgent,"Limpia si está sucio, se mueve abajo o a la derecha si la fila y columna son pares, si son impares se mueve a la izquierdo o arriba, sino elige al azar",12360
16x16,0.8,8,131,1000,5.255087852478027,1000,1.0,ReflexAgent,"Limpia si está sucio, se mueve abajo o a la derecha si la fila y columna son pares, si son impares se mueve a la izquierdo o arriba, sino elige al azar",12360
16x16,0.8,9,131,1000,5.7051308155059814,1000,1.0,ReflexAgent,"Limpia si está sucio, se mueve abajo o a la derecha si la fila y columna son pares, si son impares se mueve a la izquierdo o arriba, sino elige al azar",12360
16x16,0.8,10,131,1000,5.9587602615356445,1000,1.0,ReflexAgent,"Limpia si está sucio, se mueve abajo o a la derecha si la fila y columna son pares, si son impares se mueve a la izquierdo o arriba, sino elige al azar",12360
32x32,0.1,1,18,1000,5.712855815887451,1000,1.0,ReflexAgent,"Limpia si está sucio, se mueve abajo o a la derecha si la fila y columna son pares, si son impares se mueve a la izquierdo o arriba, sino elige al azar",12361
32x32,0.1,2,18,1000,5.5199995040893555,1000,1.0,ReflexAgent,"Limpia si está sucio, se mueve abajo o a la derecha si la fila y columna son pares, si son impares se mueve a la izquierdo o arriba, sino elige al azar",12361
32x32,0.1,3,18,1000,5.5287110805511475,1000,1.0,ReflexAgent,"Limpia si está sucio, se mueve abajo o a la derecha si la fila y columna son pares, si son impares se mueve a la izquierdo o arriba, sino elige al azar",12361
32x32,0.1,4,18,1000,5.031160831451416,1000,1.0,ReflexAgent,"Limpia si está sucio, se mueve abajo o a la derecha si la fila y columna son pares, si son impares se mueve a la izquierdo o arriba, sino elige al azar",12361
32x32,0.1,5,18,1000,5.045125722885132,1000,1.0,ReflexAgent,"Limpia si está sucio, se mueve abajo o a la derecha si la fila y columna son pares, si son impares se mueve a la izquierdo o arriba, sino elige al azar",12361
32x32,0.1,6,18,1000,6.035032033920288,1000,1.0,ReflexAgent,"Limpia si está sucio, se mueve abajo o a la derecha si la fila y columna son pares, si son impares se mueve a la izquierdo o arriba, sino elige al azar",12361
32x32,0.1,7,18,1000,6.418207883834839,1000,1.0,ReflexAgent,"Limpia si está sucio, se mueve abajo o a la derecha si la fila y columna son pares, si son impares se mueve a la izquierdo o arriba, sino elige al azar",12361
32x32,0.1,8,18,1000,5.9266321659088135,1000,1.0,ReflexAgent,"Limpia si está sucio, se mueve abajo o a la derecha si la fila y columna son pares, si son impares se mueve a la izquierdo o arriba, sino elige al azar",12361
32x32,0.1,9,18,1000,5.682781934738159,1000,1.0,ReflexAgent,"Limpia si está sucio, se mueve abajo o a la derecha si la fila y columna son pares, si son impares se mueve a la izquierdo o arriba, sino elige al azar",12361
32x32,0.1,10,18,1000,5.6436607837677,1000,1.0,ReflexAgent,"Limpia si está sucio, se mueve abajo o a la derecha si la fila y columna son pares, si son impares se mueve a la izquierdo o arriba, sino elige al azar",12361
32x32,0.2,1,60,1000,5.365145683288574,1000,1.0,ReflexAgent,"Limpia si está sucio, se mueve abajo o a la derecha si la fila y columna son pares, si son impares se mueve a la izquierdo o arriba, sino elige al azar",12362
32x32,0.2,2,60,1000,5.740065574645996,1000,1.0,ReflexAgent,"Limpia si está sucio, se mueve abajo o a la derecha si la fila y columna son pares, si son impares se mueve a la izquierdo o arriba, sino elige al azar",12362
32x32,0.2,3,60,1000,5.637134075164795,1000,1.0,ReflexAgent,"Limpia si está sucio, se mueve abajo o a la derecha si la fila y columna son pares, si son impares se mueve a la izquierdo o arriba, sino elige al azar",12362
32x32,0.2,4,60,1000,4.636236667633057,1000,1.0,ReflexAgent,"Limpia si está sucio, se mueve abajo o a la derecha si la fila y columna son pares, si son impares se mueve a la izquierdo o arriba, sino elige al azar",12362
32x32,0.2,5,60,1000,4.843599319458008,1000,1.0,ReflexAgent,"Limpia si está sucio, se mueve abajo o a la derecha si la fila y columna son pares, si son impares se mueve a la izquierdo o arriba, sino elige al azar",12362
32x32,0.2,6,60,1000,4.97571873664856,1000,1.0,ReflexAgent,"Limpia si está sucio, se mueve abajo o a la derecha si la fila y columna son pares, si son impares se mueve a la izquierdo o arriba, sino elige al azar",12362
32x32,0.2,7,60,1000,5.50951886177063,1000,1.0,ReflexAgent,"Limpia si está sucio, se mueve abajo o a la derecha si la fila y columna son pares, si son impares se mueve a la izquierdo o arriba, sino elige al azar",12362
32x32,0.2,8,60,1000,5.767235994338989,1000,1.0,ReflexAgent,"Limpia si está sucio, se mueve abajo o a la derecha si la fila y columna son pares, si son impares se mueve a la izquierdo o arriba, sino elige al azar",12362
32x32,0.2,9,60,1000,5.057864665985107,1000,1.0,ReflexAgent,"Limpia si está sucio, se mueve abajo o a la derecha si la fila y columna son pares, si son impares se mueve a la izquierdo o arriba, sino elige al azar",12362
32x32,0.2,10,60,1000,4.937399387359619,1000,1.0,ReflexAgent,"Limpia si está sucio, se mueve abajo o a la derecha si la fila y columna son pares, si son impares se mueve a la izquierdo o arriba, sino elige al azar",12362
32x32,0.4,1,119,1000,4.8465940952301025,1000,1.0,ReflexAgent,"Limpia si está sucio, se mueve abajo o a la derecha si la fila y columna son pares, si son impares se mueve a la izquierdo o arriba, sino elige al azar",12363
32x32,0.4,2,119,1000,5.084934949874878,1000,1.0,ReflexAgent,"Limpia si está sucio, se mueve abajo o a la derecha si la fila y columna son pares, si son impares se mueve a la izquierdo o arriba, sino elige al azar",12363
32x32,0.4,3,119,1000,5.004464864730835,1000,1.0,ReflexAgent,"Limpia si está sucio, se mueve abajo o a la derecha si la fila y columna son pares, si son impares se mueve a la izquierdo o arriba, sino elige al azar",12363
32x32,0.4,4,119,1000,4.496025800704956,1000,1.0,ReflexAgent,"Limpia si está sucio, se mueve abajo o a la derecha si la fila y columna son pares, si son impares se mueve a la izquierdo o arriba, sino elige al azar",12363
32x32,0.4,5,119,1000,5.012011766433716,1000,1.0,ReflexAgent,"Limpia si está sucio, se mueve abajo o a la derecha si la fila y columna son pares, si son impares se mueve a la izquierdo o arriba, sino elige al azar",12363
32x32,0.4,6,119,1000,4.933647632598877,1000,1.0,ReflexAgent,"Limpia si está sucio, se mueve abajo o a la derecha si la fila y columna son pares, si son impares se mueve a la izquierdo o arriba, sino elige al azar",12363
32x32,0.4,7,119,1000,5.340513467788696,1000,1.0,ReflexAgent,"Limpia si está sucio, se mueve abajo o a la derecha si la fila y columna son pares, si son impares se mueve a la izquierdo o arriba, sino elige al azar",12363
32x32,0.4,8,119,1000,5.311684608459473,1000,1.0,ReflexAgent,"Limpia si está sucio, se mueve abajo o a la derecha si la fila y columna son pares, si son impares se mueve a la izquierdo o arriba, sino elige al azar",12363
32x32,0.4,9,119,1000,4.533640623092651,1000,1.0,ReflexAgent,"Limpia si está sucio, se mueve abajo o a la derecha si la fila y columna son pares, si son impares se mueve a la izquierdo o arriba, sino elige al azar",12363
32x32,0.4,10,119,1000,4.831309080123901,1000,1.0,ReflexAgent,"Limpia si está sucio, se mueve abajo o a la derecha si la fila y columna son pares, si son impares se mueve a la izquierdo o arriba, sino elige al azar",12363
32x32,0.8,1,146,1000,4.7874791622161865,1000,1.0,ReflexAgent,"Limpia si está sucio, se mueve abajo o a la derecha si la fila y columna son pares, si son impares se mueve a la izquierdo o arriba, sino elige al azar",12364
32x32,0.8,2,146,1000,4.821266412734985,1000,1.0,ReflexAgent,"Limpia si está sucio, se mueve abajo o a la derecha si la fila y columna son pares, si son impares se mueve a la izquierdo o arriba, sino elige al azar",12364
32x32,0.8,3,146,1000,4.896432876586914,1000,1.0,ReflexAgent,"Limpia si está sucio, se mueve abajo o a la derecha si la fila y columna son pares, si son impares se mueve a la izquierdo o arriba, sino elige al azar",12364
32x32,0.8,4,146,1000,4.892842054367065,1000,1.0,ReflexAgent,"Limpia si está sucio, se mueve abajo o a la derecha si la fila y columna son pares, si son impares se mueve a la izquierdo o arriba, sino elige al azar",12364
32x32,0.8,5,146,1000,5.25563383102417,1000,1.0,ReflexAgent,"Limpia si está sucio, se mueve abajo o a la derecha si la fila y columna son pares, si son impares se mueve a la izquierdo o arriba, sino elige al azar",12364
32x32,0.8,6,146,1000,4.912330389022827,1000,1.0,ReflexAgent,"Limpia si está sucio, se mueve abajo o a la derecha si la fila y columna son pares, si son impares se mueve a la izquierdo o arriba, sino elige al azar",12364
32x32,0.8,7,146,1000,5.295873641967773,1000,1.0,ReflexAgent,"Limpia si está sucio, se mueve abajo o a la derecha si la fila y columna son pares, si son impares se mueve a la izquierdo o arriba, sino elige al azar",12364
32x32,0.8,8,146,1000,6.069098472595215,1000,1.0,ReflexAgent,"Limpia si está sucio, se mueve abajo o a la derecha si la fila y columna son pares, si son impares se mueve a la izquierdo o arriba, sino elige al azar",12364
32x32,0.8,9,146,1000,5.548908948898315,1000,1.0,ReflexAgent,"Limpia si está sucio, se mueve abajo o a la derecha si la fila y columna son pares, si son impares se mueve a la izquierdo o arriba, sino elige al azar",12364
32x32,0.8,10,146,1000,4.733983039855957,1000,1.0,ReflexAgent,"Limpia si está sucio, se mueve abajo o a la derecha si la fila y columna son pares, si son impares se mueve a la izquierdo o arriba, sino elige al azar",12364
64x64,0.1,1,29,1000,6.374864101409912,1000,1.0,ReflexAgent,"Limpia si está sucio, se mueve abajo o a la derecha si la fila y columna son pares, si son impares se mueve a la izquierdo o arriba, sino elige al azar",12365
64x64,0.1,2,29,1000,6.662530422210693,1000,1.0,ReflexAgent,"Limpia si está sucio, se mueve abajo o a la derecha si la fila y columna son pares, si son impares se mueve a la izquierdo o arriba, sino elige al azar",12365
64x64,0.1,3,29,1000,7.236517906188965,1000,1.0,ReflexAgent,"Limpia si está sucio, se mueve abajo o a la derecha si la fila y columna son pares, si son impares se mueve a la izquierdo o arriba, sino elige al azar",12365
64x64,0.1,4,29,1000,7.343564033508301,1000,1.0,ReflexAgent,"Limpia si está sucio, se mueve abajo o a la derecha si la fila y columna son pares, si son impares se mueve a la izquierdo o arriba, sino elige al azar",12365
64x64,0.1,5,29,1000,7.0551488399505615,1000,1.0,ReflexAgent,"Limpia si está sucio, se mueve abajo o a la derecha si la fila y columna son pares, si son impares se mueve a la izquierdo o arriba, sino elige al azar",12365
64x64,0.1,6,29,1000,6.393117904663086,1000,1.0,ReflexAgent,"Limpia si está sucio, se mueve abajo o a la derecha si la fila y columna son pares, si son impares se mueve a la izquierdo o arriba, sino elige al azar",12365
64x64,0.1,7,29,1000,6.270787477493286,1000,1.0,ReflexAgent,"Limpia si está sucio, se mueve abajo o a la derecha si la fila y columna son pares, si son impares se mueve a la izquierdo o arriba, sino elige al azar",12365
64x64,0.1,8,29,1000,6.605924606323242,1000,1.0,ReflexAgent,"Limpia si está sucio, se mueve abajo o a la derecha si la fila y columna son pares, si son impares se mueve a la izquierdo o arriba, sino elige al azar",12365
64x64,0.1,9,29,1000,6.270336151123047,1000,1.0,ReflexAgent,"Limpia si está sucio, se mueve abajo o a la derecha si la fila y columna son pares, si son impares se mueve a la izquierdo o arriba, sino elige al azar",12365
64x64,0.1,10,29,1000,7.475457668304443,1000,1.0,ReflexAgent,"Limpia si está sucio, se mueve abajo o a la derecha si la fila y columna son pares, si son impares se mueve a la izquierdo o arriba, sino elige al azar",12365
64x64,0.2,1,52,1000,7.377389192581177,1000,1.0,ReflexAgent,"Limpia si está sucio, se mueve abajo o a la derecha si la fila y columna son pares, si son impares se mueve a la izquierdo o arriba, sino elige al azar",12366
64x64,0.2,2,52,1000,6.185990333557129,1000,1.0,ReflexAgent,"Limpia si está sucio, se mueve abajo o a la derecha si la fila y columna son pares, si son impares se mueve a la izquierdo o arriba, sino elige al azar",12366
64x64,0.2,3,52,1000,6.544708490371704,1000,1.0,ReflexAgent,"Limpia si está sucio, se mueve abajo o a la derecha si la fila y columna son pares, si son impares se mueve a la izquierdo o arriba, sino elige al azar",12366
64x64,0.2,4,52,1000,7.075663805007935,1000,1.0,ReflexAgent,"Limpia si está sucio, se mueve abajo o a la derecha si la fila y columna son pares, si son impares se mueve a la izquierdo o arriba, sino elige al azar",12366
64x64,0.2,5,52,1000,6.0215904712677,1000,1.0,ReflexAgent,"Limpia si está sucio, se mueve abajo o a la derecha si la fila y columna son pares, si son impares se mueve a la izquierdo o arriba, sino elige al azar",12366
64x64,0.2,6,52,1000,8.043879508972168,1000,1.0,ReflexAgent,"Limpia si está sucio, se mueve abajo o a la derecha si la fila y columna son pares, si son impares se mueve a la izquierdo o arriba, sino elige al azar",12366
64x64,0.2,7,52,1000,8.782779216766357,1000,1.0,ReflexAgent,"Limpia si está sucio, se mueve abajo o a la derecha si la fila y columna son pares, si son impares se mueve a la izquierdo o arriba, sino elige al azar",12366
64x64,0.2,8,52,1000,8.069812536239624,1000,1.0,ReflexAgent,"Limpia si está sucio, se mueve abajo o a la derecha si la fila y columna son pares, si son impares se mueve a la izquierdo o arriba, sino elige al azar",12366
64x64,0.2,9,52,1000,7.1662328243255615,1000,1.0,ReflexAgent,"Limpia si está sucio, se mueve abajo o a la derecha si la fila y columna son pares, si son impares se mueve a la izquierdo o arriba, sino elige al azar",12366
64x64,0.2,10,52,1000,7.26027250289917,1000,1.0,ReflexAgent,"Limpia si está sucio, se mueve abajo o a la derecha si la fila y columna son pares, si son impares se mueve a la izquierdo o arriba, sino elige al azar",12366
64x64,0.4,1,102,1000,6.65899133682251,1000,1.0,ReflexAgent,"Limpia si está sucio, se mueve abajo o a la derecha si la fila y columna son pares, si son impares se mueve a la izquierdo o arriba, sino elige al azar",12367
64x64,0.4,2,102,1000,6.890746593475342,1000,1.0,ReflexAgent,"Limpia si está sucio, se mueve abajo o a la derecha si la fila y columna son pares, si son impares se mueve a la izquierdo o arriba, sino elige al azar",12367
64x64,0.4,3,102,1000,8.353468894958496,1000,1.0,ReflexAgent,"Limpia si está sucio, se mueve abajo o a la derecha si la fila y columna son pares, si son impares se mueve a la izquierdo o arriba, sino elige al azar",12367
64x64,0.4,4,102,1000,8.113877296447754,1000,1.0,ReflexAgent,"Limpia si está sucio, se mueve abajo o a la derecha si la fila y columna son pares, si son impares se mueve a la izquierdo o arriba, sino elige al azar",12367
64x64,0.4,5,102,1000,5.676483392715454,1000,1.0,ReflexAgent,"Limpia si está sucio, se mueve abajo o a la derecha si la fila y columna son pares, si son impares se mueve a la izquierdo o arriba, sino elige al azar",12367
64x64,0.4,6,102,1000,7.430777311325073,1000,1.0,ReflexAgent,"Limpia si está sucio, se mueve abajo o a la derecha si la fila y columna son pares, si son impares se mueve a la izquierdo o arriba, sino elige al azar",12367
64x64,0.4,7,102,1000,7.184221029281616,1000,1.0,ReflexAgent,"Limpia si está sucio, se mueve abajo o a la derecha si la fila y columna son pares, si son impares se mueve a la izquierdo o arriba, sino elige al azar",12367
64x64,0.4,8,102,1000,7.054784059524536,1000,1.0,ReflexAgent,"Limpia si está sucio, se mueve abajo o a la derecha si la fila y columna son pares, si son impares se mueve a la izquierdo o arriba, sino elige al azar",12367
64x64,0.4,9,102,1000,6.767071008682251,1000,1.0,ReflexAgent,"Limpia si está sucio, se mueve abajo o a la derecha si la fila y columna son pares, si son impares se mueve a la izquierdo o arriba, sino elige al azar",12367
64x64,0.4,10,102,1000,7.5470991134643555,1000,1.0,ReflexAgent,"Limpia si está sucio, se mueve abajo o a la derecha si la fila y columna son pares, si son impares se mueve a la izquierdo o arriba, sino elige al azar",12367
64x64,0.8,1,207,1000,7.786613464355469,1000,1.0,ReflexAgent,"Limpia si está sucio, se mueve abajo o a la derecha si la fila y columna son pares, si son impares se mueve a la izquierdo o arriba, sino elige al azar",12368
64x64,0.8,2,207,1000,7.165888547897339,1000,1.0,ReflexAgent,"Limpia si está sucio, se mueve abajo o a la derecha si la fila y columna son pares, si son impares se mueve a la izquierdo o arriba, sino elige al azar",12368
64x64,0.8,3,207,1000,7.322474002838135,1000,1.0,ReflexAgent,"Limpia si está sucio, se mueve abajo o a la derecha si la fila y columna son pares, si son impares se mueve a la izquierdo o arriba, sino elige al azar",12368
64x64,0.8,4,207,1000,7.335062503814697,1000,1.0,ReflexAgent,"Limpia si está sucio, se mueve abajo o a la derecha si la fila y columna son pares, si son impares se mueve a la izquierdo o arriba, sino elige al azar",12368
64x64,0.8,5,207,1000,7.618685007095337,1000,1.0,ReflexAgent,"Limpia si está sucio, se mueve abajo o a la derecha si la fila y columna son pares, si son impares se mueve a la izquierdo o arriba, sino elige al azar",12368
64x64,0.8,6,207,1000,7.124138593673706,1000,1.0,ReflexAgent,"Limpia si está sucio, se mueve abajo o a la derecha si la fila y columna son pares, si son impares se mueve a la izquierdo o arriba, sino elige al azar",12368
64x64,0.8,7,207,1000,6.595108509063721,1000,1.0,ReflexAgent,"Limpia si está sucio, se mueve abajo o a la derecha si la fila y columna son pares, si son impares se mueve a la izquierdo o arriba, sino elige al azar",12368
64x64,0.8,8,207,1000,7.41855788230896,1000,1.0,ReflexAgent,"Limpia si está sucio, se mueve abajo o a la derecha si la fila y columna son pares, si son impares se mueve a la izquierdo o arriba, sino elige al azar",12368
64x64,0.8,9,207,1000,6.7523863315582275,1000,1.0,ReflexAgent,"Limpia si está sucio, se mueve abajo o a la derecha si la fila y columna son pares, si son impares se mueve a la izquierdo o arriba, sino elige al azar",12368
64x64,0.8,10,207,1000,6.977042198181152,1000,1.0,ReflexAgent,"Limpia si está sucio, se mueve abajo o a la derecha si la fila y columna son pares, si son impares se mueve a la izquierdo o arriba, sino elige al azar",12368
128x128,0.1,1,39,1000,13.460701942443848,1000,1.0,ReflexAgent,"Limpia si está sucio, se mueve abajo o a la derecha si la fila y columna son pares, si son impares se mueve a la izquierdo o arriba, sino elige al azar",12369
128x128,0.1,2,39,1000,13.184165000915527,1000,1.0,ReflexAgent,"Limpia si está sucio, se mueve abajo o a la derecha si la fila y columna son pares, si son impares se mueve a la izquierdo o arriba, sino elige al azar",12369
128x128,0.1,3,39,1000,13.092935562133789,1000,1.0,ReflexAgent,"Limpia si está sucio, se mueve abajo o a la derecha si la fila y columna son pares, si son impares se mueve a la izquierdo o arriba, sino elige al azar",12369
128x128,0.1,4,39,1000,12.772050380706787,1000,1.0,ReflexAgent,"Limpia si está sucio, se mueve abajo o a la derecha si la fila y columna son pares, si son impares se mueve a la izquierdo o arriba, sino elige al azar",12369
128x128,0.1,5,39,1000,13.633992433547974,1000,1.0,ReflexAgent,"Limpia si está sucio, se mueve abajo o a la derecha si la fila y columna son pares, si son impares se mueve a la izquierdo o arriba, sino elige al azar",12369
128x128,0.1,6,39,1000,13.378445863723755,1000,1.0,ReflexAgent,"Limpia si está sucio, se mueve abajo o a la derecha si la fila y columna son pares, si son impares se mueve a la izquierdo o arriba, sino elige al azar",12369
128x128,0.1,7,39,1000,12.73268747329712,1000,1.0,ReflexAgent,"Limpia si está sucio, se mueve abajo o a la derecha si la fila y columna son pares, si son impares se mueve a la izquierdo o arriba, sino elige al azar",12369
128x128,0.1,8,39,1000,13.410775184631348,1000,1.0,ReflexAgent,"Limpia si está sucio, se mueve abajo o a la derecha si la fila y columna son pares, si son impares se mueve a la izquierdo o arriba, sino elige al azar",12369
128x128,0.1,9,39,1000,12.814751863479614,1000,1.0,ReflexAgent,"Limpia si está sucio, se mueve abajo o a la derecha si la fila y columna son pares, si son impares se mueve a la izquierdo o arriba, sino elige al azar",12369
128x128,0.1,10,39,1000,12.838918209075928,1000,1.0,ReflexAgent,"Limpia si está sucio, se mueve abajo o a la derecha si la fila y columna son pares, si son impares se mueve a la izquierdo o arriba, sino elige al azar",12369
128x128,0.2,1,88,1000,12.689334392547607,1000,1.0,ReflexAgent,"Limpia si está sucio, se mueve abajo o a la derecha si la fila y columna son pares, si son impares se mueve a la izquierdo o arriba, sino elige al azar",12370
128x128,0.2,2,88,1000,13.057223796844482,1000,1.0,ReflexAgent,"Limpia si está sucio, se mueve abajo o a la derecha si la fila y columna son pares, si son impares se mueve a la izquierdo o arriba, sino elige al azar",12370
128x128,0.2,3,88,1000,13.73254108428955,1000,1.0,ReflexAgent,"Limpia si está sucio, se mueve abajo o a la derecha si la fila y columna son pares, si son impares se mueve a la izquierdo o arriba, sino elige al azar",12370
128x128,0.2,4,88,1000,12.366451978683472,1000,1.0,ReflexAgent,"Limpia si está sucio, se mueve abajo o a la derecha si la fila y columna son pares, si son impares se mueve a la izquierdo o arriba, sino elige al azar",12370
128x128,0.2,5,88,1000,12.760951519012451,1000,1.0,ReflexAgent,"Limpia si está sucio, se mueve abajo o a la derecha si la fila y columna son pares, si son impares se mueve a la izquierdo o arriba, sino elige al azar",12370
128x128,0.2,6,88,1000,12.537437915802002,1000,1.0,ReflexAgent,"Limpia si está sucio, se mueve abajo o a la derecha si la fila y columna son pares, si son impares se mueve a la izquierdo o arriba, sino elige al azar",12370
128x128,0.2,7,88,1000,12.271999597549438,1000,1.0,ReflexAgent,"Limpia si está sucio, se mueve abajo o a la derecha si la fila y columna son pares, si son impares se mueve a la izquierdo o arriba, sino elige al azar",12370
128x128,0.2,8,88,1000,13.299136638641357,1000,1.0,ReflexAgent,"Limpia si está sucio, se mueve abajo o a la derecha si la fila y columna son pares, si son impares se mueve a la izquierdo o arriba, sino elige al azar",12370
128x128,0.2,9,88,1000,14.199111223220825,1000,1.0,ReflexAgent,"Limpia si está sucio, se mueve abajo o a la derecha si la fila y columna son pares, si son impares se mueve a la izquierdo o arriba, sino elige al azar",12370
128x128,0.2,10,88,1000,13.778632402420044,1000,1.0,ReflexAgent,"Limpia si está sucio, se mueve abajo o a la derecha si la fila y columna son pares, si son impares se mueve a la izquierdo o arriba, sino elige al azar",12370
128x128,0.4,1,125,1000,13.240956544876099,1000,1.0,ReflexAgent,"Limpia si está sucio, se mueve abajo o a la derecha si la fila y columna son pares, si son impares se mueve a la izquierdo o arriba, sino elige al azar",12371
128x128,0.4,2,125,1000,12.948909044265747,1000,1.0,ReflexAgent,"Limpia si está sucio, se mueve abajo o a la derecha si la fila y columna son pares, si son impares se mueve a la izquierdo o arriba, sino elige al azar",12371
128x128,0.4,3,125,1000,13.059119462966919,1000,1.0,ReflexAgent,"Limpia si está sucio, se mueve abajo o a la derecha si la fila y columna son pares, si son impares se mueve a la izquierdo o arriba, sino elige al azar",12371
128x128,0.4,4,125,1000,13.405149936676025,1000,1.0,ReflexAgent,"Limpia si está sucio, se mueve abajo o a la derecha si la fila y columna son pares, si son impares se mueve a la izquierdo o arriba, sino elige al azar",12371
128x128,0.4,5,125,1000,13.696737289428711,1000,1.0,ReflexAgent,"Limpia si está sucio, se mueve abajo o a la derecha si la fila y columna son pares, si son impares se mueve a la izquierdo o arriba, sino elige al azar",12371
128x128,0.4,6,125,1000,13.092596054077148,1000,1.0,ReflexAgent,"Limpia si está sucio, se mueve abajo o a la derecha si la fila y columna son pares, si son impares se mueve a la izquierdo o arriba, sino elige al azar",12371
128x128,0.4,7,125,1000,13.090441942214966,1000,1.0,ReflexAgent,"Limpia si está sucio, se mueve abajo o a la derecha si la fila y columna son pares, si son impares se mueve a la izquierdo o arriba, sino elige al azar",12371
128x128,0.4,8,125,1000,12.980109453201294,1000,1.0,ReflexAgent,"Limpia si está sucio, se mueve abajo o a la derecha si la fila y columna son pares, si son impares se mueve a la izquierdo o arriba, sino elige al azar",12371
128x128,0.4,9,125,1000,12.686960458755493,1000,1.0,ReflexAgent,"Limpia si está sucio, se mueve abajo o a la derecha si la fila y columna son pares, si son impares se mueve a la izquierdo o arriba, sino elige al azar",12371
128x128,0.4,10,125,1000,13.24277949333191,1000,1.0,ReflexAgent,"Limpia si está sucio, se mueve abajo o a la derecha si la fila y columna son pares, si son impares se mueve a la izquierdo o arriba, sino elige al azar",12371
128x128,0.8,1,214,1000,12.020263671875,1000,1.0,ReflexAgent,"Limpia si está sucio, se mueve abajo o a la derecha si la fila y columna son pares, si son impares se mueve a la izquierdo o arriba, sino elige al azar",12372
128x128,0.8,2,214,1000,14.217064142227173,1000,1.0,ReflexAgent,"Limpia si está sucio, se mueve abajo o a la derecha si la fila y columna son pares, si son impares se mueve a la izquierdo o arriba, sino elige al azar",12372
128x128,0.8,3,214,1000,12.072930574417114,1000,1.0,ReflexAgent,"Limpia si está sucio, se mueve abajo o a la derecha si la fila y columna son pares, si son impares se mueve a la izquierdo o arriba, sino elige al azar",12372
128x128,0.8,4,214,1000,12.865424394607544,1000,1.0,ReflexAgent,"Limpia si está sucio, se mueve abajo o a la derecha si la fila y columna son pares, si son impares se mueve a la izquierdo o arriba, sino elige al azar",12372
128x128,0.8,5,214,1000,13.186723709106445,1000,1.0,ReflexAgent,"Limpia si está sucio, se mueve abajo o a la derecha si la fila y columna son pares, si son impares se mueve a la izquierdo o arriba, sino elige al azar",12372
128x128,0.8,6,214,1000,13.170296907424927,1000,1.0,ReflexAgent,"Limpia si está sucio, se mueve abajo o a la derecha si la fila y columna son pares, si son impares se mueve a la izquierdo o arriba, sino elige al azar",12372
128x128,0.8,7,214,1000,13.406084060668945,1000,1.0,ReflexAgent,"Limpia si está sucio, se mueve abajo o a la derecha si la fila y columna son pares, si son impares se mueve a la izquierdo o arriba, sino elige al azar",12372
128x128,0.8,8,214,1000,12.278407096862793,1000,1.0,ReflexAgent,"Limpia si está sucio, se mueve abajo o a la derecha si la fila y columna son pares, si son impares se mueve a la izquierdo o arriba, sino elige al azar",12372
128x128,0.8,9,214,1000,12.463000774383545,1000,1.0,ReflexAgent,"Limpia si está sucio, se mueve abajo o a la derecha si la fila y columna son pares, si son impares se mueve a la izquierdo o arriba, sino elige al azar",12372
128x128,0.8,10,214,1000,13.261897563934326,1000,1.0,ReflexAgent,"Limpia si está sucio, se mueve abajo o a la derecha si la fila y columna son pares, si son impares se mueve a la izquierdo o arriba, sino elige al azar",12372
